;Team;Result;For;Aga;Diff;HTf;HTa;Opposition;Ground;Match Date;TeamRk;OppRk
0;wales;lost;16.0;21.0;-5.0;16.0;8.0;england;Millennium Stadium;06/02/2015;81.64;84.85
1;france;won;15.0;8.0;7.0;9.0;8.0;scotland;Stade de France;07/02/2015;79.66;78.78
2;scotland;lost;8.0;15.0;-7.0;8.0;9.0;france;Stade de France;07/02/2015;78.78;79.66
3;italy;lost;3.0;26.0;-23.0;3.0;9.0;ireland;Rome;07/02/2015;71.19;85.48
4;ireland;won;26.0;3.0;23.0;9.0;3.0;italy;Rome;07/02/2015;85.48;71.19
5;italy;lost;17.0;47.0;-30.0;5.0;15.0;england;Twickenham;14/02/2015;71.19;85.529
6;ireland;won;18.0;11.0;7.0;12.0;6.0;france;Lansdowne Road;14/02/2015;85.98920000000001;80.06280000000001
7;france;lost;11.0;18.0;-7.0;6.0;12.0;ireland;Lansdowne Road;14/02/2015;79.65544000000001;86.39656000000001
8;wales;won;26.0;23.0;3.0;16.0;10.0;scotland;Murrayfield;15/02/2015;81.6517;77.1773
9;scotland;lost;23.0;26.0;-3.0;10.0;16.0;wales;Murrayfield;15/02/2015;76.62474;82.20426
10;france;lost;13.0;20.0;-7.0;3.0;6.0;wales;Stade de France;28/02/2015;78.91032200000001;82.94937800000001
11;italy;won;22.0;19.0;3.0;15.0;16.0;scotland;Murrayfield;28/02/2015;72.733474;75.081266
12;wales;won;20.0;13.0;7.0;6.0;3.0;france;Stade de France;28/02/2015;83.54547240000001;78.31422760000001
13;scotland;lost;19.0;22.0;-3.0;16.0;15.0;italy;Murrayfield;28/02/2015;73.8464868;73.9682532
14;ireland;won;19.0;9.0;10.0;9.0;3.0;england;Lansdowne Road;01/03/2015;87.30980400000001;84.615756
15;russia;lost;0.0;33.0;-33.0;0.0;6.0;georgia;Tbilisi;14/03/2015;64.73;71.19
16;georgia;won;33.0;0.0;33.0;6.0;0.0;russia;Tbilisi;14/03/2015;71.19;64.73
17;scotland;lost;13.0;25.0;-12.0;13.0;10.0;england;Twickenham;14/03/2015;73.8464868;84.615756
18;wales;won;23.0;16.0;7.0;15.0;9.0;ireland;Millennium Stadium;14/03/2015;84.92190556000001;85.93337084000001
19;ireland;lost;16.0;23.0;-7.0;9.0;15.0;wales;Millennium Stadium;14/03/2015;84.83222431200001;86.02305208800001
20;france;won;29.0;0.0;29.0;9.0;0.0;italy;Rome;15/03/2015;79.16233144;73.12014936000001
21;italy;lost;0.0;29.0;-29.0;0.0;9.0;france;Rome;15/03/2015;72.52647667200002;79.756004128
22;ireland;won;40.0;10.0;30.0;20.0;10.0;scotland;Murrayfield;21/03/2015;84.83222431200001;73.8464868
23;wales;won;61.0;20.0;41.0;14.0;13.0;italy;Rome;21/03/2015;86.02305208800001;72.52647667200002
24;scotland;lost;10.0;40.0;-30.0;10.0;20.0;ireland;Murrayfield;21/03/2015;73.8464868;84.83222431200001
25;italy;lost;20.0;61.0;-41.0;13.0;14.0;wales;Rome;21/03/2015;72.52647667200002;86.02305208800001
26;france;lost;35.0;55.0;-20.0;15.0;27.0;england;Twickenham;21/03/2015;78.9849669088;85.3867932192
27;argentina;won;36.0;14.0;22.0;24.0;9.0;uruguay;Montevideo;16/05/2015;76.29;65.18
28;georgia;won;19.0;10.0;9.0;13.0;3.0;uruguay;Tbilisi;13/06/2015;72.0669;64.8341
29;samoa;lost;16.0;25.0;-9.0;3.0;12.0;new zealand;Apia;08/07/2015;75.39;93.7
30;new zealand;won;25.0;16.0;9.0;12.0;3.0;samoa;Apia;08/07/2015;93.7;75.39
31;russia;lost;19.0;39.0;-20.0;12.0;13.0;namibia;Windhoek;11/07/2015;64.65;57.74
32;namibia;won;39.0;19.0;20.0;13.0;12.0;russia;Windhoek;11/07/2015;57.74;64.65
33;argentina;lost;18.0;39.0;-21.0;6.0;18.0;new zealand;Christchurch;17/07/2015;76.29;93.7
34;new zealand;won;39.0;18.0;21.0;18.0;6.0;argentina;Christchurch;17/07/2015;93.7;76.29
35;japan;won;20.0;6.0;14.0;11.0;3.0;canada;San Jose;18/07/2015;73.7;66.83
36;namibia;won;45.0;5.0;40.0;16.0;5.0;russia;Windhoek;18/07/2015;62.05205000000001;60.33795
37;south africa;lost;20.0;24.0;-4.0;13.0;7.0;australia;Brisbane;18/07/2015;88.23;82.95
38;samoa;won;21.0;16.0;5.0;21.0;3.0;united states of america;San Jose;18/07/2015;75.612;67.61
39;tonga;lost;22.0;30.0;-8.0;8.0;10.0;fiji;Suva;18/07/2015;74.12;74.57
40;russia;lost;5.0;45.0;-40.0;5.0;16.0;namibia;Windhoek;18/07/2015;59.095065;63.29493500000001
41;united states of america;lost;16.0;21.0;-5.0;3.0;21.0;samoa;San Jose;18/07/2015;67.2104;75.7896
42;canada;lost;6.0;20.0;-14.0;3.0;11.0;japan;San Jose;18/07/2015;66.2666;74.2634
43;australia;won;24.0;20.0;4.0;7.0;13.0;south africa;Brisbane;18/07/2015;85.7004;85.4796
44;samoa;draw;30.0;30.0;0.0;10.0;17.0;fiji;Sacramento;24/07/2015;75.76313999999999;75.55145999999999
45;tonga;won;28.0;18.0;10.0;10.0;15.0;canada;Vancouver;24/07/2015;73.47516;65.95644
46;japan;lost;18.0;23.0;-5.0;11.0;9.0;united states of america;Sacramento;24/07/2015;72.55810000000001;68.9157
47;canada;lost;18.0;28.0;-10.0;15.0;10.0;tonga;Vancouver;24/07/2015;65.708312;73.723288
48;united states of america;won;23.0;18.0;5.0;9.0;11.0;japan;Sacramento;24/07/2015;70.27994;71.19386000000002
49;new zealand;won;27.0;20.0;7.0;10.0;10.0;south africa;Johannesburg;25/07/2015;93.87796;85.30164
50;australia;won;34.0;9.0;25.0;8.0;6.0;argentina;Mendoza;25/07/2015;85.78884000000001;76.20156
51;south africa;lost;20.0;27.0;-7.0;10.0;10.0;new zealand;Johannesburg;25/07/2015;85.159272;94.020328
52;argentina;lost;9.0;34.0;-25.0;6.0;8.0;australia;Mendoza;25/07/2015;76.139652;85.85074800000001
53;tonga;won;33.0;19.0;14.0;16.0;3.0;united states of america;Toronto;29/07/2015;74.3789532;69.6242748
54;united states of america;lost;19.0;33.0;-14.0;3.0;16.0;tonga;Toronto;29/07/2015;69.09974263999999;74.90348535999999
55;samoa;won;21.0;20.0;1.0;3.0;13.0;canada;Toronto;29/07/2015;75.76313999999999;65.708312
56;japan;lost;22.0;27.0;-5.0;9.0;24.0;fiji;Toronto;29/07/2015;70.62962000000002;76.11569999999999
57;canada;lost;20.0;21.0;-1.0;13.0;3.0;samoa;Toronto;29/07/2015;65.708312;75.76313999999999
58;samoa;lost;29.0;39.0;-10.0;9.0;17.0;fiji;Vancouver;03/08/2015;74.798396;77.08044399999999
59;tonga;won;31.0;20.0;11.0;16.0;11.0;japan;Vancouver;03/08/2015;75.47609882399999;70.05700653600002
60;canada;lost;13.0;15.0;-2.0;3.0;12.0;united states of america;Vancouver;03/08/2015;65.047455064;69.76059957599999
61;japan;lost;20.0;31.0;-11.0;11.0;16.0;tonga;Vancouver;03/08/2015;69.59891576480001;75.9341895952
62;united states of america;won;15.0;13.0;2.0;12.0;3.0;canada;Vancouver;03/08/2015;70.28928512479999;64.5187695152
63;argentina;won;37.0;25.0;12.0;27.0;13.0;south africa;Durban;08/08/2015;78.041614;83.25731
64;ireland;won;35.0;21.0;14.0;25.0;7.0;wales;Millennium Stadium;08/08/2015;85.95130708960001;84.90396931040002
65;new zealand;lost;19.0;27.0;-8.0;6.0;3.0;australia;Sydney;08/08/2015;92.20337;87.66770600000001
66;australia;won;27.0;19.0;8.0;3.0;6.0;new zealand;Sydney;08/08/2015;89.12127240000001;90.7498036
67;wales;lost;21.0;35.0;-14.0;7.0;25.0;ireland;Millennium Stadium;08/08/2015;84.00870308832002;86.84657331168
68;south africa;lost;25.0;37.0;-12.0;13.0;27.0;argentina;Durban;08/08/2015;81.7357404;79.5631836
69;australia;lost;13.0;41.0;-28.0;6.0;13.0;new zealand;Auckland;15/08/2015;87.86555208000001;92.00552392
70;south africa;won;26.0;12.0;14.0;20.0;9.0;argentina;Buenos Aires;15/08/2015;82.51848472;78.78043928
71;ireland;won;28.0;22.0;6.0;7.0;7.0;scotland;Lansdowne Road;15/08/2015;86.84657331168;73.8464868
72;france;lost;14.0;19.0;-5.0;9.0;12.0;england;Twickenham;15/08/2015;78.62514953984001;85.74661058816
73;scotland;lost;22.0;28.0;-6.0;7.0;7.0;ireland;Lansdowne Road;15/08/2015;73.8464868;86.84657331168
74;new zealand;won;41.0;13.0;28.0;13.0;6.0;australia;Auckland;15/08/2015;92.884528144;86.98654785600002
75;argentina;lost;12.0;26.0;-14.0;9.0;20.0;south africa;Buenos Aires;15/08/2015;78.15424382399999;83.14468017600001
76;japan;won;30.0;8.0;22.0;17.0;8.0;uruguay;Fukuoka;22/08/2015;70.38419340008001;64.04882236472001
77;france;won;25.0;20.0;5.0;15.0;6.0;england;Stade de France;22/08/2015;80.33729564467201;84.034464483328
78;scotland;won;16.0;12.0;4.0;9.0;9.0;italy;Torino;22/08/2015;74.71448578719999;71.65847768480002
79;canada;lost;23.0;41.0;-18.0;6.0;17.0;united states of america;Nepean;22/08/2015;63.88434685664;70.92370778335999
80;united states of america;won;41.0;23.0;18.0;17.0;6.0;canada;Nepean;22/08/2015;71.367803644352;63.440250995648
81;italy;lost;12.0;16.0;-4.0;9.0;9.0;scotland;Torino;22/08/2015;70.96407849504001;75.40888497696
82;italy;lost;7.0;48.0;-41.0;7.0;23.0;scotland;Murrayfield;29/08/2015;70.13079946732802;76.24216400467199
83;scotland;won;48.0;7.0;41.0;23.0;7.0;italy;Murrayfield;29/08/2015;76.8254593240704;69.54750414792962
84;wales;won;16.0;10.0;6.0;10.0;10.0;ireland;Lansdowne Road;29/08/2015;85.29249011065602;85.562786289344
85;ireland;lost;10.0;16.0;-6.0;10.0;10.0;wales;Lansdowne Road;29/08/2015;84.53575667147521;86.31951972852482
86;japan;won;40.0;0.0;40.0;21.0;0.0;uruguay;Tokyo;29/08/2015;70.933887744776;63.49912802002401
87;canada;won;16.0;15.0;1.0;13.0;10.0;georgia;Esher;02/09/2015;65.3029158960832;70.2042350995648
88;georgia;lost;15.0;16.0;-1.0;10.0;13.0;canada;Esher;02/09/2015;68.71410317921664;66.79304781643137
89;georgia;lost;10.0;13.0;-3.0;7.0;6.0;japan;Gloucester;05/09/2015;67.93608163577257;71.71190928822007
90;ireland;lost;13.0;21.0;-8.0;3.0;12.0;england;Twickenham;05/09/2015;83.4856274526605;85.08459370214271
91;france;won;19.0;16.0;3.0;6.0;9.0;scotland;Stade de France;05/09/2015;80.98611201261185;76.17664295613055
92;italy;lost;19.0;23.0;-4.0;11.0;8.0;wales;Millennium Stadium;05/09/2015;69.54750414792962;86.31951972852482
93;australia;won;47.0;10.0;37.0;14.0;10.0;united states of america;Chicago;05/09/2015;86.98654785600002;71.367803644352
94;wales;won;23.0;19.0;4.0;8.0;11.0;italy;Millennium Stadium;05/09/2015;86.31951972852482;69.54750414792962
95;japan;won;13.0;10.0;3.0;6.0;7.0;georgia;Gloucester;05/09/2015;72.33432652297532;67.31366440101732
96;scotland;lost;16.0;19.0;-3.0;9.0;6.0;france;Stade de France;05/09/2015;75.65758986177867;81.50516510696373
97;united states of america;lost;10.0;47.0;-37.0;10.0;14.0;australia;Chicago;05/09/2015;71.367803644352;86.98654785600002
98;canada;lost;18.0;47.0;-29.0;8.0;30.0;fiji;The Stoop;06/09/2015;66.79304781643137;77.08044399999999
99;tonga;lost;10.0;17.0;-7.0;3.0;10.0;georgia;Gloucester;19/09/2015;74.07213707578173;69.17571692043559
100;france;won;32.0;10.0;22.0;15.0;3.0;italy;Twickenham;19/09/2015;81.50516510696373;69.54750414792962
101;japan;won;34.0;32.0;2.0;10.0;12.0;south africa;Brighton;19/09/2015;74.33432652297532;81.14468017600001
102;canada;lost;7.0;50.0;-43.0;0.0;29.0;ireland;Millennium Stadium;19/09/2015;66.79304781643137;83.4856274526605
103;ireland;won;50.0;7.0;43.0;29.0;0.0;canada;Millennium Stadium;19/09/2015;83.4856274526605;66.79304781643137
104;italy;lost;10.0;32.0;-22.0;3.0;15.0;france;Twickenham;19/09/2015;69.54750414792962;81.50516510696373
105;georgia;won;17.0;10.0;7.0;10.0;3.0;tonga;Gloucester;19/09/2015;70.6653589359702;72.58249506024711
106;south africa;lost;32.0;34.0;-2.0;12.0;10.0;japan;Brighton;19/09/2015;79.46364481069755;76.01536188827778
107;argentina;lost;16.0;26.0;-10.0;13.0;12.0;new zealand;Wembley;20/09/2015;78.15424382399999;92.884528144
108;united states of america;lost;16.0;25.0;-9.0;8.0;14.0;samoa;Brighton;20/09/2015;70.71086287991679;75.4553367644352
109;wales;won;54.0;9.0;45.0;28.0;9.0;uruguay;Millennium Stadium;20/09/2015;86.31951972852482;63.49912802002401
110;new zealand;won;26.0;16.0;10.0;12.0;13.0;argentina;Wembley;20/09/2015;92.884528144;78.15424382399999
111;samoa;won;25.0;16.0;9.0;14.0;8.0;united states of america;Brighton;20/09/2015;75.98088937598337;70.18531026836862
112;australia;won;28.0;13.0;15.0;18.0;3.0;fiji;Millennium Stadium;23/09/2015;86.99593747040001;77.0710543856
113;japan;lost;10.0;45.0;-35.0;7.0;12.0;scotland;Gloucester;23/09/2015;74.46169608430291;77.21125566575354
114;scotland;won;45.0;10.0;35.0;12.0;7.0;japan;Gloucester;23/09/2015;78.29882172853594;73.37413002152051
115;new zealand;won;58.0;14.0;44.0;34.0;6.0;namibia;London;24/09/2015;92.884528144;63.29493500000001
116;namibia;lost;14.0;58.0;-44.0;6.0;34.0;new zealand;London;24/09/2015;63.29493500000001;92.884528144
117;georgia;lost;9.0;54.0;-45.0;9.0;14.0;argentina;Gloucester;25/09/2015;70.28869166917467;78.53091109079553
118;argentina;won;54.0;9.0;45.0;14.0;9.0;georgia;Gloucester;25/09/2015;78.7945781775524;70.0250245824178
119;samoa;lost;6.0;46.0;-40.0;6.0;17.0;south africa;Birmingham;26/09/2015;75.0033026911905;80.44123149549041
120;italy;won;23.0;18.0;5.0;13.0;10.0;canada;Leeds;26/09/2015;70.27205851477979;66.0684934495812
121;south africa;won;46.0;6.0;40.0;17.0;6.0;samoa;Birmingham;26/09/2015;81.12554217484542;74.31899201183549
122;wales;won;28.0;25.0;3.0;9.0;16.0;england;Twickenham;26/09/2015;87.19602712588662;84.20808630478092
123;canada;lost;18.0;23.0;-5.0;10.0;13.0;italy;Leeds;26/09/2015;65.48884995610106;70.85170200825993
124;united states of america;lost;16.0;39.0;-23.0;13.0;6.0;scotland;Leeds;27/09/2015;69.90233698739372;78.58179500951084
125;scotland;won;39.0;16.0;23.0;6.0;13.0;united states of america;Leeds;27/09/2015;78.77987630619327;69.70425569071129
126;australia;won;65.0;3.0;62.0;31.0;3.0;uruguay;Birmingham;27/09/2015;86.99593747040001;63.49912802002401
127;namibia;lost;21.0;35.0;-14.0;7.0;22.0;tonga;Exeter;29/09/2015;63.22369100602472;72.6537390542224
128;tonga;won;35.0;21.0;14.0;22.0;7.0;namibia;Exeter;29/09/2015;72.71073424940263;63.16669581084449
129;canada;lost;18.0;41.0;-23.0;12.0;24.0;france;Milton Keynes;01/10/2015;65.48884995610106;81.50516510696373
130;france;won;41.0;18.0;23.0;24.0;12.0;canada;Milton Keynes;01/10/2015;81.50516510696373;65.48884995610106
131;wales;won;23.0;13.0;10.0;17.0;6.0;fiji;Millennium Stadium;01/10/2015;87.19602712588662;77.0710543856
132;georgia;lost;10.0;43.0;-33.0;10.0;22.0;new zealand;Millennium Stadium;02/10/2015;70.0250245824178;92.884528144
133;new zealand;won;43.0;10.0;33.0;22.0;10.0;georgia;Millennium Stadium;02/10/2015;92.884528144;70.0250245824178
134;samoa;lost;5.0;26.0;-21.0;0.0;20.0;japan;Milton Keynes;03/10/2015;72.67726271328824;75.01585932006776
135;south africa;won;34.0;16.0;18.0;20.0;3.0;scotland;Newcastle;03/10/2015;82.2736922945476;77.6317261864911
136;japan;won;26.0;5.0;21.0;20.0;0.0;samoa;Milton Keynes;03/10/2015;76.16506982905084;71.52805220430517
137;australia;won;33.0;13.0;20.0;17.0;3.0;england;Twickenham;03/10/2015;88.07775979555714;83.12626397962379
138;scotland;lost;16.0;34.0;-18.0;3.0;20.0;south africa;Newcastle;03/10/2015;76.82802110269957;83.07739737833913
139;tonga;lost;16.0;45.0;-29.0;13.0;20.0;argentina;Leicester;04/10/2015;72.1233108386251;79.38200158832993
140;argentina;won;45.0;16.0;29.0;20.0;13.0;tonga;Leicester;04/10/2015;79.79319797587421;71.71211445108082
141;ireland;won;16.0;9.0;7.0;10.0;6.0;italy;London;04/10/2015;83.4856274526605;70.85170200825993
142;italy;lost;9.0;16.0;-7.0;6.0;10.0;ireland;London;04/10/2015;70.85170200825993;83.4856274526605
143;united states of america;lost;0.0;64.0;-64.0;0.0;14.0;south africa;London;07/10/2015;69.70425569071129;83.07739737833913
144;georgia;won;17.0;16.0;1.0;0.0;6.0;namibia;Exeter;07/10/2015;70.33919170526048;62.85252868800182
145;namibia;lost;16.0;17.0;-1.0;6.0;0.0;georgia;Exeter;07/10/2015;62.60119498972768;70.59052540353461
146;south africa;won;64.0;0.0;64.0;14.0;0.0;united states of america;London;07/10/2015;83.07739737833913;69.70425569071129
147;tonga;lost;9.0;47.0;-38.0;3.0;14.0;new zealand;Newcastle;09/10/2015;71.71211445108082;92.884528144
148;new zealand;won;47.0;9.0;38.0;14.0;3.0;tonga;Newcastle;09/10/2015;92.884528144;71.71211445108082
149;australia;won;15.0;6.0;9.0;9.0;6.0;wales;Twickenham;10/10/2015;88.9895865285901;86.28420039285366
150;samoa;lost;33.0;36.0;-3.0;26.0;23.0;scotland;Newcastle;10/10/2015;71.05804909414461;77.29802421286013
151;scotland;won;36.0;33.0;3.0;23.0;26.0;samoa;Newcastle;10/10/2015;77.67402670098858;70.68204660601616
152;wales;lost;6.0;15.0;-9.0;6.0;9.0;australia;Twickenham;10/10/2015;85.55473900642731;89.71904791501645
153;argentina;won;64.0;19.0;45.0;36.0;7.0;namibia;Leicester;11/10/2015;79.79319797587421;62.60119498972768
154;ireland;won;24.0;9.0;15.0;9.0;6.0;france;Millennium Stadium;11/10/2015;84.28758121809082;80.7032113415334
155;france;lost;9.0;24.0;-15.0;6.0;9.0;ireland;Millennium Stadium;11/10/2015;80.06164832918914;84.92914423043509
156;united states of america;lost;18.0;28.0;-10.0;8.0;17.0;japan;Gloucester;11/10/2015;69.35033710454525;76.51898841521688
157;japan;won;28.0;18.0;10.0;17.0;8.0;united states of america;Gloucester;11/10/2015;76.80212328414972;69.06720223561241
158;namibia;lost;19.0;64.0;-45.0;7.0;36.0;argentina;Leicester;11/10/2015;62.60119498972768;79.79319797587421
159;wales;lost;19.0;23.0;-4.0;13.0;12.0;south africa;Twickenham;17/10/2015;84.3070048436185;84.32513154114795
160;france;lost;13.0;62.0;-49.0;13.0;29.0;new zealand;Millennium Stadium;17/10/2015;80.06164832918914;92.884528144
161;south africa;won;23.0;19.0;4.0;12.0;13.0;wales;Twickenham;17/10/2015;85.323318871395;83.30881751337145
162;new zealand;won;62.0;13.0;49.0;29.0;13.0;france;Millennium Stadium;17/10/2015;92.884528144;80.06164832918914
163;argentina;won;43.0;20.0;23.0;20.0;10.0;ireland;Millennium Stadium;18/10/2015;82.06358991405834;82.65875229225095
164;scotland;lost;34.0;35.0;-1.0;16.0;15.0;australia;Twickenham;18/10/2015;77.67402670098858;89.71904791501645
165;australia;won;35.0;34.0;1.0;15.0;16.0;scotland;Twickenham;18/10/2015;89.71904791501645;77.67402670098858
166;ireland;lost;20.0;43.0;-23.0;10.0;20.0;argentina;Millennium Stadium;18/10/2015;81.06947793552206;83.65286427078723
167;south africa;lost;18.0;20.0;-2.0;12.0;7.0;new zealand;Twickenham;24/10/2015;85.0794397986555;93.1284072167395
168;new zealand;won;20.0;18.0;2.0;7.0;12.0;south africa;Twickenham;24/10/2015;93.3235104749311;84.8843365404639
169;australia;won;29.0;15.0;14.0;19.0;9.0;argentina;Twickenham;25/10/2015;90.11242955059353;83.25948263521016
170;argentina;lost;15.0;29.0;-14.0;9.0;19.0;australia;Twickenham;25/10/2015;82.9447773267485;90.4271348590552
171;south africa;won;24.0;13.0;11.0;16.0;0.0;argentina;London;30/10/2015;85.69038061909237;82.13873324812003
172;argentina;lost;13.0;24.0;-11.0;0.0;16.0;south africa;London;30/10/2015;81.49389798521727;86.33521588199514
173;australia;lost;17.0;34.0;-17.0;3.0;16.0;new zealand;Twickenham;31/10/2015;89.36159120143658;94.38905413254972
174;new zealand;won;34.0;17.0;17.0;16.0;3.0;australia;Twickenham;31/10/2015;95.13493469288275;88.61571064110355
175;france;won;23.0;21.0;2.0;10.0;8.0;italy;Stade de France;06/02/2016;80.14065369709621;70.77269664035285
176;italy;lost;21.0;23.0;-2.0;8.0;10.0;france;Stade de France;06/02/2016;70.70949234602719;80.20385799142187
177;scotland;lost;9.0;15.0;-6.0;6.0;7.0;england;Murrayfield;06/02/2016;77.21925042885209;83.58104025176027
178;ireland;draw;16.0;16.0;0.0;13.0;10.0;wales;Lansdowne Road;06/02/2016;80.84554397773712;83.53275147115639
179;canada;won;33.0;17.0;16.0;19.0;7.0;uruguay;Langford;06/02/2016;66.6903916656895;62.29758631043557
180;wales;draw;16.0;16.0;0.0;10.0;13.0;ireland;Lansdowne Road;07/02/2016;83.26403072181446;81.11426472707905
181;united states of america;won;30.0;22.0;8.0;10.0;12.0;canada;TX;13/02/2016;69.82952117862013;65.92807272268179
182;wales;won;27.0;23.0;4.0;10.0;13.0;scotland;Millennium Stadium;13/02/2016;83.65955269251823;76.82372845814832
183;canada;lost;22.0;30.0;-8.0;12.0;10.0;united states of america;TX;13/02/2016;65.31821756827563;70.43937633302629
184;ireland;lost;9.0;10.0;-1.0;9.0;3.0;france;Stade de France;13/02/2016;80.02322405351333;81.29489866498758
185;france;won;10.0;9.0;1.0;3.0;9.0;ireland;Stade de France;13/02/2016;82.16773120384016;79.15039151466075
186;scotland;lost;23.0;27.0;-4.0;13.0;10.0;wales;Millennium Stadium;13/02/2016;76.50731088158531;83.97597026908124
187;italy;lost;9.0;40.0;-31.0;9.0;11.0;england;Rome;14/02/2016;70.70949234602719;83.58104025176027
188;wales;won;19.0;10.0;9.0;6.0;3.0;france;Millennium Stadium;26/02/2016;84.79514636255713;81.34855511036427
189;france;lost;10.0;19.0;-9.0;3.0;6.0;wales;Millennium Stadium;26/02/2016;80.69321423558355;85.45048723733785
190;italy;lost;20.0;36.0;-16.0;10.0;17.0;scotland;Rome;27/02/2016;70.0791651263609;77.1376381012516
191;scotland;won;36.0;20.0;16.0;17.0;10.0;italy;Rome;27/02/2016;77.57886715501799;69.63793607259451
192;ireland;lost;10.0;21.0;-11.0;3.0;6.0;england;Twickenham;27/02/2016;78.59345638837071;84.13797537805031
193;united states of america;lost;25.0;29.0;-4.0;13.0;9.0;uruguay;Montevideo;05/03/2016;68.62519733076722;64.11176531269464
194;georgia;won;24.0;7.0;17.0;10.0;0.0;russia;Sotchi;12/03/2016;70.59052540353461;59.095065
195;italy;lost;15.0;58.0;-43.0;3.0;25.0;ireland;Lansdowne Road;12/03/2016;69.48126411996094;78.75012834100428
196;wales;lost;21.0;25.0;-4.0;0.0;16.0;england;Twickenham;12/03/2016;84.31923605140909;85.26922656397906
197;ireland;won;58.0;15.0;43.0;25.0;3.0;italy;Lansdowne Road;12/03/2016;78.85979870784779;69.37159375311744
198;russia;lost;7.0;24.0;-17.0;0.0;10.0;georgia;Sotchi;12/03/2016;59.095065;70.59052540353461
199;scotland;won;29.0;18.0;11.0;18.0;12.0;france;Murrayfield;13/03/2016;78.89030186307454;79.381779527527
200;france;lost;18.0;29.0;-11.0;12.0;18.0;scotland;Murrayfield;13/03/2016;78.33263176108176;79.93944962951979
201;scotland;lost;25.0;35.0;-10.0;13.0;21.0;ireland;Lansdowne Road;19/03/2016;78.83148453735258;79.96776380001499
202;wales;won;67.0;14.0;53.0;27.0;0.0;italy;Millennium Stadium;19/03/2016;84.31923605140909;69.37159375311744
203;france;lost;21.0;31.0;-10.0;12.0;17.0;england;Stade de France;19/03/2016;78.02629124137148;85.57556708368934
204;italy;lost;14.0;67.0;-53.0;0.0;27.0;wales;Millennium Stadium;19/03/2016;69.37159375311744;84.31923605140909
205;ireland;won;35.0;25.0;10.0;21.0;13.0;scotland;Lansdowne Road;19/03/2016;80.85413587374875;77.94511246361883
206;wales;lost;13.0;27.0;-14.0;13.0;10.0;england;Twickenham;29/05/2016;83.44486915463712;86.44993398046131
207;samoa;draw;19.0;19.0;0.0;3.0;9.0;georgia;Apia;11/06/2016;70.672894485768;70.59967752378277
208;canada;lost;22.0;26.0;-4.0;12.0;13.0;japan;Vancouver;11/06/2016;65.31821756827563;76.80212328414972
209;italy;lost;24.0;30.0;-6.0;16.0;17.0;argentina;Santa Fe;11/06/2016;69.37159375311744;81.49389798521727
210;ireland;won;26.0;20.0;6.0;13.0;13.0;south africa;Cape Town;11/06/2016;82.40224387457339;84.7871078811705
211;argentina;won;30.0;24.0;6.0;17.0;16.0;italy;Santa Fe;11/06/2016;81.49389798521727;69.37159375311744
212;japan;won;26.0;22.0;4.0;13.0;12.0;canada;Vancouver;11/06/2016;76.80212328414972;65.31821756827563
213;georgia;draw;19.0;19.0;0.0;9.0;3.0;samoa;Apia;11/06/2016;70.59235582758426;70.68021618196651
214;tonga;lost;18.0;23.0;-5.0;15.0;0.0;fiji;Suva;11/06/2016;71.24800844453274;77.53516039214807
215;australia;lost;28.0;39.0;-11.0;13.0;19.0;england;Brisbane;11/06/2016;87.39913297503932;87.66651164652554
216;new zealand;won;39.0;21.0;18.0;15.0;18.0;wales;Auckland;11/06/2016;95.13493469288275;83.44486915463712
217;wales;lost;21.0;39.0;-18.0;18.0;15.0;new zealand;Auckland;11/06/2016;83.44486915463712;95.13493469288275
218;south africa;lost;20.0;26.0;-6.0;13.0;13.0;ireland;Cape Town;11/06/2016;83.54862148051079;83.6407302752331
219;italy;won;24.0;20.0;4.0;11.0;10.0;united states of america;San Jose;18/06/2016;70.29695411088241;67.69983697300225
220;tonga;lost;20.0;23.0;-3.0;10.0;13.0;georgia;Suva;18/06/2016;70.1824431828379;71.6579210892791
221;ireland;lost;26.0;32.0;-6.0;19.0;3.0;south africa;Johannesburg;18/06/2016;82.63151939576086;84.55783235998302
222;south africa;won;32.0;26.0;6.0;3.0;19.0;ireland;Johannesburg;18/06/2016;85.3652010635608;81.82415069218308
223;samoa;lost;16.0;26.0;-10.0;16.0;10.0;fiji;Suva;18/06/2016;70.36571060298468;77.84966597112992
224;japan;lost;13.0;26.0;-13.0;10.0;16.0;scotland;Aichi;18/06/2016;75.91642220209663;78.83081354567192
225;new zealand;won;36.0;22.0;14.0;10.0;10.0;wales;Wellington;18/06/2016;95.13493469288275;83.44486915463712
226;georgia;won;23.0;20.0;3.0;13.0;10.0;tonga;Suva;18/06/2016;72.51037329863497;69.32999097348203
227;united states of america;lost;20.0;24.0;-4.0;10.0;11.0;italy;San Jose;18/06/2016;66.95954868679027;71.03724239709439
228;wales;lost;22.0;36.0;-14.0;10.0;10.0;new zealand;Wellington;18/06/2016;83.44486915463712;95.13493469288275
229;australia;lost;7.0;23.0;-16.0;7.0;10.0;england;Melbourne;18/06/2016;85.93923977576226;89.1264048458026
230;russia;lost;21.0;46.0;-25.0;7.0;26.0;canada;Calgary;18/06/2016;58.52853788524134;65.88474468303428
231;canada;won;46.0;21.0;25.0;26.0;7.0;russia;Calgary;18/06/2016;66.28131366336534;58.13196890491028
232;scotland;won;26.0;13.0;13.0;16.0;10.0;japan;Aichi;18/06/2016;79.53937441131438;75.20786133645416
233;france;lost;19.0;30.0;-11.0;10.0;17.0;argentina;Tucuman;19/06/2016;77.37305191575607;82.14713731083269
234;argentina;won;30.0;19.0;11.0;17.0;10.0;france;Tucuman;19/06/2016;82.66972877132503;76.85046045526373
235;georgia;won;14.0;3.0;11.0;3.0;3.0;fiji;Suva;24/06/2016;74.04430256588446;76.31573670388043
236;ireland;lost;13.0;19.0;-6.0;10.0;13.0;south africa;Port Elizabeth;25/06/2016;81.17825572932085;86.01109602642303
237;argentina;lost;0.0;27.0;-27.0;0.0;10.0;france;Tucuman;25/06/2016;80.29683852391584;79.22335070267292
238;new zealand;won;46.0;6.0;40.0;18.0;6.0;wales;Dunedin;25/06/2016;95.13493469288275;83.44486915463712
239;russia;lost;0.0;25.0;-25.0;0.0;15.0;united states of america;Sacramento;25/06/2016;57.95610587219228;67.13541171950827
240;france;won;27.0;0.0;27.0;10.0;0.0;argentina;Tucuman;25/06/2016;80.88437387585935;78.6358153507294
241;samoa;won;30.0;10.0;20.0;23.0;3.0;tonga;Apia;25/06/2016;71.71035265855927;67.98534891790743
242;south africa;won;19.0;13.0;6.0;13.0;10.0;ireland;Port Elizabeth;25/06/2016;86.52781199671281;80.66153975903107
243;wales;lost;6.0;46.0;-40.0;6.0;18.0;new zealand;Dunedin;25/06/2016;83.44486915463712;95.13493469288275
244;australia;lost;40.0;44.0;-4.0;18.0;17.0;england;Sydney;25/06/2016;85.25795628276629;89.80768833879856
245;scotland;won;21.0;16.0;5.0;9.0;13.0;japan;Tokyo;25/06/2016;80.10622310382836;74.64101264394019
246;united states of america;won;25.0;0.0;25.0;15.0;0.0;russia;Sacramento;25/06/2016;67.25851584241087;57.83300174928968
247;japan;lost;16.0;21.0;-5.0;13.0;9.0;scotland;Tokyo;25/06/2016;74.187533689929;80.55970205783954
248;tonga;lost;10.0;30.0;-20.0;3.0;23.0;samoa;Apia;25/06/2016;67.04409947900521;72.65160209746149
249;canada;lost;18.0;20.0;-2.0;9.0;9.0;italy;Toronto;26/06/2016;65.75690653673824;71.56164952372148
250;italy;won;20.0;18.0;2.0;9.0;9.0;canada;Toronto;26/06/2016;71.98117522502316;65.33738083543656
251;new zealand;won;42.0;8.0;34.0;32.0;3.0;australia;Sydney;20/08/2016;95.15338793136529;85.23950304428375
252;australia;lost;8.0;42.0;-34.0;3.0;32.0;new zealand;Sydney;20/08/2016;85.22658577734597;95.16630519830306
253;argentina;lost;23.0;30.0;-7.0;13.0;10.0;south africa;Nelspruit;20/08/2016;78.42501501532774;86.73861233211447
254;south africa;won;30.0;23.0;7.0;10.0;13.0;argentina;Nelspruit;20/08/2016;86.9072526004358;78.25637474700642
255;argentina;won;26.0;24.0;2.0;13.0;3.0;south africa;Salta;27/08/2016;80.12146253234936;85.04216481509286
256;new zealand;won;29.0;9.0;20.0;15.0;9.0;australia;Wellington;27/08/2016;95.1753472851595;85.21754369048953
257;australia;lost;9.0;29.0;-20.0;9.0;15.0;new zealand;Wellington;27/08/2016;85.21121422969003;95.18167674595901
258;south africa;lost;24.0;26.0;-2.0;3.0;13.0;argentina;Salta;27/08/2016;83.55009458681852;81.61353276062371
259;south africa;lost;17.0;23.0;-6.0;14.0;13.0;australia;Brisbane;10/09/2016;82.71620655110567;86.04510226540287
260;australia;won;23.0;17.0;6.0;13.0;14.0;south africa;Brisbane;10/09/2016;86.71221269397316;82.04909612253539
261;argentina;lost;22.0;57.0;-35.0;19.0;24.0;new zealand;Hamilton;10/09/2016;81.61353276062371;95.18167674595901
262;new zealand;won;57.0;22.0;35.0;24.0;19.0;argentina;Hamilton;10/09/2016;95.18167674595901;81.61353276062371
263;new zealand;won;41.0;13.0;28.0;15.0;10.0;south africa;Christchurch;17/09/2016;95.18167674595901;82.04909612253539
264;argentina;lost;20.0;36.0;-16.0;6.0;21.0;australia;Perth;17/09/2016;80.87833475062612;87.44741070397075
265;south africa;lost;13.0;41.0;-28.0;10.0;15.0;new zealand;Christchurch;17/09/2016;82.04909612253539;95.18167674595901
266;australia;won;36.0;20.0;16.0;21.0;6.0;argentina;Perth;17/09/2016;87.96204931096905;80.36369614362782
267;new zealand;won;36.0;17.0;19.0;29.0;3.0;argentina;Buenos Aires;01/10/2016;95.18167674595901;80.36369614362782
268;australia;lost;10.0;18.0;-8.0;10.0;12.0;south africa;Pretoria;01/10/2016;86.37075399212569;83.64039144137875
269;argentina;lost;17.0;36.0;-19.0;3.0;29.0;new zealand;Buenos Aires;01/10/2016;80.36369614362782;95.18167674595901
270;south africa;won;18.0;10.0;8.0;12.0;10.0;australia;Pretoria;01/10/2016;84.91342769645345;85.097717737051
271;australia;won;33.0;21.0;12.0;18.0;8.0;argentina;Twickenham;08/10/2016;85.62431557770869;79.83709830297013
272;new zealand;won;57.0;15.0;42.0;12.0;9.0;south africa;Durban;08/10/2016;95.18167674595901;84.91342769645345
273;argentina;lost;21.0;33.0;-12.0;8.0;18.0;australia;Twickenham;08/10/2016;79.415820030444;86.04559385023484
274;south africa;lost;15.0;57.0;-42.0;9.0;12.0;new zealand;Durban;08/10/2016;84.91342769645345;95.18167674595901
275;australia;lost;10.0;37.0;-27.0;7.0;15.0;new zealand;Auckland;22/10/2016;85.91600628459346;95.31126431160038
276;new zealand;won;37.0;10.0;27.0;15.0;7.0;australia;Auckland;22/10/2016;95.40197560754935;85.8252949886445
277;wales;lost;8.0;32.0;-24.0;3.0;20.0;australia;Millennium Stadium;05/11/2016;82.30193302973822;86.9682311135434
278;argentina;won;54.0;20.0;34.0;21.0;6.0;japan;Tokyo;05/11/2016;80.13157707936675;73.47177664100624
279;australia;won;32.0;8.0;24.0;20.0;3.0;wales;Millennium Stadium;05/11/2016;87.76828640097261;81.501877742309
280;new zealand;lost;29.0;40.0;-11.0;8.0;25.0;ireland;Chicago;05/11/2016;93.40197560754935;82.66153975903107
281;ireland;won;40.0;29.0;11.0;25.0;8.0;new zealand;Chicago;05/11/2016;84.66153975903107;91.40197560754935
282;japan;lost;20.0;54.0;-34.0;6.0;21.0;argentina;Tokyo;05/11/2016;72.97074670676032;80.63260701361267
283;south africa;lost;21.0;37.0;-16.0;9.0;20.0;england;Twickenham;12/11/2016;84.14756679280522;90.57354924244679
284;wales;won;24.0;20.0;4.0;6.0;3.0;argentina;Millennium Stadium;12/11/2016;82.41495066943938;79.7195340864823
285;georgia;lost;22.0;28.0;-6.0;12.0;8.0;japan;Tbilisi;12/11/2016;72.93694697997205;74.07810229267274
286;canada;lost;21.0;52.0;-31.0;14.0;21.0;ireland;Lansdowne Road;12/11/2016;65.33738083543656;84.66153975903107
287;japan;won;28.0;22.0;6.0;8.0;12.0;georgia;Tbilisi;12/11/2016;74.96398676140267;72.05106251124212
288;scotland;lost;22.0;23.0;-1.0;17.0;10.0;australia;Murrayfield;12/11/2016;80.28056049215286;88.04742796665931
289;argentina;lost;20.0;24.0;-4.0;3.0;6.0;wales;Millennium Stadium;12/11/2016;78.989075744778;83.14540901114367
290;samoa;lost;8.0;52.0;-44.0;3.0;26.0;france;Toulouse;12/11/2016;72.38651786422118;81.14945810909967
291;ireland;won;52.0;21.0;31.0;21.0;14.0;canada;Lansdowne Road;12/11/2016;84.66153975903107;65.33738083543656
292;australia;won;23.0;22.0;1.0;10.0;17.0;scotland;Murrayfield;12/11/2016;88.27074121920867;80.0572472396035
293;italy;lost;10.0;68.0;-58.0;3.0;35.0;new zealand;Rome;12/11/2016;71.98117522502316;91.40197560754935
294;new zealand;won;68.0;10.0;58.0;35.0;3.0;italy;Rome;12/11/2016;91.40197560754935;71.98117522502316
295;france;won;52.0;8.0;44.0;26.0;3.0;samoa;Toulouse;12/11/2016;81.33501707236789;72.20095890095295
296;argentina;lost;16.0;19.0;-3.0;3.0;6.0;scotland;Murrayfield;19/11/2016;78.09589289426056;80.95043009012095
297;japan;lost;30.0;33.0;-3.0;13.0;14.0;wales;Millennium Stadium;19/11/2016;74.78212898637676;83.32726678616957
298;new zealand;won;21.0;9.0;12.0;14.0;6.0;ireland;Lansdowne Road;19/11/2016;91.72793202269752;84.3355833438829
299;south africa;lost;18.0;20.0;-2.0;12.0;10.0;italy;Firenze;19/11/2016;82.14756679280522;73.98117522502316
300;italy;won;20.0;18.0;2.0;10.0;12.0;south africa;Firenze;19/11/2016;75.79781438180137;80.33092763602701
301;wales;won;33.0;30.0;3.0;14.0;13.0;japan;Millennium Stadium;19/11/2016;83.47275300619029;74.63664276635605
302;ireland;lost;9.0;21.0;-12.0;6.0;14.0;new zealand;Lansdowne Road;19/11/2016;84.07481821176437;91.98869715481605
303;tonga;won;20.0;17.0;3.0;17.0;10.0;united states of america;San Sebastian;19/11/2016;68.06554111534578;66.2370742060703
304;united states of america;lost;17.0;20.0;-3.0;10.0;17.0;tonga;San Sebastian;19/11/2016;65.41992089699785;68.88269442441823
305;australia;won;25.0;23.0;2.0;13.0;11.0;france;Stade de France;19/11/2016;88.57716880452459;81.02858948705197
306;samoa;lost;16.0;20.0;-4.0;10.0;17.0;georgia;Tbilisi;19/11/2016;71.18596926198187;73.06605215021321
307;scotland;won;19.0;16.0;3.0;6.0;3.0;argentina;Murrayfield;19/11/2016;81.6649763705349;77.3813466138466
308;france;lost;23.0;25.0;-2.0;11.0;13.0;australia;Stade de France;19/11/2016;80.78344741879924;88.82231087277732
309;georgia;won;20.0;16.0;4.0;17.0;10.0;samoa;Tbilisi;19/11/2016;73.87804386139007;70.373977550805
310;canada;lost;23.0;25.0;-2.0;6.0;16.0;samoa;Grenoble;25/11/2016;64.8410405069734;70.87031787926816
311;samoa;won;25.0;23.0;2.0;16.0;6.0;canada;Grenoble;25/11/2016;71.26739014203868;64.44396824420288
312;france;lost;19.0;24.0;-5.0;6.0;10.0;new zealand;Stade de France;26/11/2016;80.78344741879924;91.98869715481605
313;new zealand;won;24.0;19.0;5.0;10.0;6.0;france;Stade de France;26/11/2016;91.98869715481605;80.78344741879924
314;south africa;lost;13.0;27.0;-14.0;6.0;12.0;wales;Millennium Stadium;26/11/2016;79.64511017304334;84.15857046917397
315;australia;lost;24.0;27.0;-3.0;7.0;17.0;ireland;Lansdowne Road;26/11/2016;87.34756160667602;85.54956747786566
316;ireland;won;27.0;24.0;3.0;17.0;7.0;australia;Lansdowne Road;26/11/2016;86.7293668907467;86.16776219379499
317;argentina;lost;14.0;27.0;-13.0;7.0;16.0;england;Twickenham;26/11/2016;77.3813466138466;90.57354924244679
318;japan;lost;25.0;38.0;-13.0;6.0;21.0;fiji;Vannes;26/11/2016;73.80455216010849;77.147827310128
319;wales;won;27.0;13.0;14.0;12.0;6.0;south africa;Millennium Stadium;26/11/2016;84.7072244395609;79.0964562026564
320;tonga;won;19.0;17.0;2.0;3.0;7.0;italy;Padova;26/11/2016;70.57420642015654;74.10630238606306
321;italy;lost;17.0;19.0;-2.0;7.0;3.0;tonga;Padova;26/11/2016;72.75309278947242;71.9274160167472
322;scotland;won;43.0;16.0;27.0;31.0;11.0;georgia;Kilmarnock;26/11/2016;81.99693649416318;73.54608373776179
323;georgia;lost;16.0;43.0;-27.0;11.0;31.0;scotland;Kilmarnock;26/11/2016;73.313711651222;82.22930858070298
324;australia;lost;21.0;37.0;-16.0;16.0;13.0;england;Twickenham;03/12/2016;85.32863025109276;91.41268118514901
325;ireland;lost;22.0;27.0;-5.0;8.0;21.0;scotland;Murrayfield;04/02/2017;85.27936105974233;83.67931441170735
326;france;lost;16.0;19.0;-3.0;9.0;9.0;england;Twickenham;04/02/2017;80.78344741879924;91.41268118514901
327;united states of america;won;29.0;23.0;6.0;16.0;13.0;uruguay;San Antonio;04/02/2017;66.28910533856754;63.242580871124964
328;scotland;won;27.0;22.0;5.0;21.0;8.0;ireland;Murrayfield;04/02/2017;84.83931907651085;84.11935639493883
329;italy;lost;7.0;33.0;-26.0;7.0;3.0;wales;Rome;05/02/2017;72.75309278947242;84.7072244395609
330;wales;won;33.0;7.0;26.0;3.0;7.0;italy;Rome;05/02/2017;84.7072244395609;72.75309278947242
331;ireland;won;63.0;10.0;53.0;28.0;10.0;italy;Rome;11/02/2017;84.11935639493883;72.75309278947242
332;italy;lost;10.0;63.0;-53.0;10.0;28.0;ireland;Rome;11/02/2017;72.75309278947242;84.11935639493883
333;wales;lost;16.0;21.0;-5.0;13.0;8.0;england;Millennium Stadium;11/02/2017;84.37777011411971;91.7421355105902
334;scotland;lost;16.0;22.0;-6.0;11.0;13.0;france;Stade de France;12/02/2017;83.43373191073968;82.18903458457041
335;france;won;22.0;16.0;6.0;13.0;11.0;scotland;Stade de France;12/02/2017;83.31350431718734;82.30926217812275
336;united states of america;won;51.0;34.0;17.0;25.0;15.0;canada;Vancouver;18/02/2017;67.51233477441284;63.22073880835758
337;canada;lost;34.0;51.0;-17.0;15.0;25.0;united states of america;Vancouver;18/02/2017;62.36447820326587;68.36859537950454
338;wales;lost;13.0;29.0;-16.0;13.0;9.0;scotland;Murrayfield;25/02/2017;82.56749392372016;84.1195383685223
339;ireland;won;19.0;9.0;10.0;7.0;6.0;france;Lansdowne Road;25/02/2017;85.03877118716369;82.39408952496248
340;france;lost;9.0;19.0;-10.0;6.0;7.0;ireland;Lansdowne Road;25/02/2017;81.65855769118261;85.77430302094356
341;canada;lost;13.0;17.0;-4.0;3.0;17.0;uruguay;Punte de l'Este;25/02/2017;61.452288470051776;64.15477060433905
342;scotland;won;29.0;13.0;16.0;9.0;13.0;wales;Murrayfield;25/02/2017;85.38673170180198;81.30030059044049
343;italy;lost;15.0;36.0;-21.0;10.0;5.0;england;Twickenham;26/02/2017;72.75309278947242;91.7421355105902
344;wales;won;22.0;9.0;13.0;8.0;6.0;ireland;Millennium Stadium;10/03/2017;82.7477008334908;84.32690277789325
345;ireland;lost;9.0;22.0;-13.0;6.0;8.0;wales;Millennium Stadium;10/03/2017;83.168982583453;83.90562102793105
346;scotland;lost;21.0;61.0;-40.0;7.0;30.0;england;Twickenham;11/03/2017;84.84004227312022;92.28882493927196
347;italy;lost;18.0;40.0;-22.0;11.0;16.0;france;Rome;11/03/2017;72.58891252472895;81.82273795592607
348;france;won;40.0;18.0;22.0;16.0;11.0;italy;Rome;11/03/2017;81.9376641412465;72.47398633940853
349;russia;lost;14.0;28.0;-14.0;0.0;14.0;georgia;Tbilisi;12/03/2017;57.83300174928968;73.313711651222
350;georgia;won;28.0;14.0;14.0;14.0;0.0;russia;Tbilisi;12/03/2017;73.313711651222;57.83300174928968
351;wales;lost;18.0;20.0;-2.0;9.0;10.0;france;Stade de France;18/03/2017;82.70882533926259;83.13445982991496
352;scotland;won;29.0;0.0;29.0;15.0;0.0;italy;Murrayfield;18/03/2017;84.84004227312022;72.47398633940853
353;france;won;20.0;18.0;2.0;10.0;9.0;wales;Stade de France;18/03/2017;84.09189638084972;81.75138878832783
354;italy;lost;0.0;29.0;-29.0;0.0;15.0;scotland;Murrayfield;18/03/2017;72.47398633940853;84.84004227312022
355;ireland;won;13.0;9.0;4.0;10.0;3.0;england;Lansdowne Road;18/03/2017;85.0809668190349;90.37684070369006
356;italy;lost;13.0;34.0;-21.0;3.0;15.0;scotland;Singpore;10/06/2017;72.47398633940853;84.84004227312022
357;united states of america;lost;19.0;55.0;-36.0;7.0;29.0;ireland;Harrison;10/06/2017;68.36859537950454;85.0809668190349
358;argentina;lost;34.0;38.0;-4.0;17.0;13.0;england;San Juan;10/06/2017;77.3813466138466;90.37684070369006
359;france;lost;14.0;37.0;-23.0;7.0;16.0;south africa;Pretoria;10/06/2017;81.84258035412071;81.3457722293854
360;canada;lost;0.0;13.0;-13.0;0.0;3.0;georgia;Calgary;10/06/2017;61.452288470051776;73.313711651222
361;south africa;won;37.0;14.0;23.0;16.0;7.0;france;Pretoria;10/06/2017;82.9202934480957;80.26805913541041
362;australia;won;37.0;14.0;23.0;18.0;0.0;fiji;Melbourne;10/06/2017;85.60150980994804;76.87494775127271
363;ireland;won;55.0;19.0;36.0;29.0;7.0;united states of america;Harrison;10/06/2017;85.0809668190349;68.36859537950454
364;georgia;won;13.0;0.0;13.0;3.0;0.0;canada;Calgary;10/06/2017;73.313711651222;61.452288470051776
365;scotland;won;34.0;13.0;21.0;15.0;3.0;italy;Singpore;10/06/2017;84.84004227312022;72.47398633940853
366;russia;lost;29.0;32.0;-3.0;24.0;8.0;uruguay;Montevideo;14/06/2017;57.46517863479462;64.52259371883412
367;samoa;lost;0.0;78.0;-78.0;0.0;28.0;new zealand;Auckland;16/06/2017;71.26739014203868;91.98869715481605
368;wales;won;24.0;6.0;18.0;8.0;3.0;tonga;Auckland;16/06/2017;81.77779287259074;71.9010119324843
369;tonga;lost;6.0;24.0;-18.0;3.0;8.0;wales;Auckland;16/06/2017;71.88252907350027;81.79627573157477
370;new zealand;won;78.0;0.0;78.0;28.0;0.0;samoa;Auckland;16/06/2017;91.98869715481605;71.26739014203868
371;united states of america;lost;17.0;21.0;-4.0;3.0;18.0;georgia;Atlanta;17/06/2017;67.86310700667629;73.81920002405025
372;south africa;won;37.0;15.0;22.0;23.0;7.0;france;Durban;17/06/2017;84.02245830119291;79.1658942823132
373;scotland;won;24.0;19.0;5.0;17.0;12.0;australia;Sydney;17/06/2017;85.916189026803;84.52536305626526
374;japan;lost;22.0;50.0;-28.0;3.0;31.0;ireland;Shizuoka;17/06/2017;73.80455216010849;85.0809668190349
375;georgia;won;21.0;17.0;4.0;18.0;3.0;united states of america;Atlanta;17/06/2017;74.22359072231285;67.45871630841368
376;italy;lost;19.0;22.0;-3.0;9.0;14.0;fiji;Suva;17/06/2017;71.91408248059494;77.4348516100863
377;australia;lost;19.0;24.0;-5.0;12.0;17.0;scotland;Sydney;17/06/2017;83.66444565331904;86.77710642974922
378;argentina;lost;25.0;35.0;-10.0;13.0;18.0;england;Santa Fe;17/06/2017;77.3813466138466;90.37684070369006
379;france;lost;15.0;37.0;-22.0;7.0;23.0;south africa;Durban;17/06/2017;78.39437888514516;84.79397369836096
380;ireland;won;50.0;22.0;28.0;31.0;3.0;japan;Shizuoka;17/06/2017;85.0809668190349;73.80455216010849
381;russia;won;31.0;10.0;21.0;19.0;5.0;namibia;Montevideo;18/06/2017;59.73558108803458;60.33079253648772
382;namibia;lost;10.0;31.0;-21.0;5.0;19.0;russia;Montevideo;18/06/2017;58.74151081921975;61.32486280530255
383;wales;won;19.0;17.0;2.0;9.0;10.0;samoa;Apia;23/06/2017;81.79627573157477;71.26739014203868
384;samoa;lost;17.0;19.0;-2.0;10.0;9.0;wales;Apia;23/06/2017;71.26739014203868;81.79627573157477
385;scotland;lost;22.0;27.0;-5.0;7.0;11.0;fiji;Suva;24/06/2017;84.84288094778293;79.36907709205259
386;south africa;won;35.0;12.0;23.0;16.0;9.0;france;Johannesburg;24/06/2017;85.33403447637859;77.85431810712753
387;georgia;lost;29.0;45.0;-16.0;8.0;26.0;argentina;San Salvador de Juruy;24/06/2017;73.19725410604292;78.40768323011653
388;japan;lost;13.0;35.0;-22.0;8.0;28.0;ireland;Tokyo;24/06/2017;73.80455216010849;85.0809668190349
389;canada;draw;28.0;28.0;0.0;15.0;21.0;united states of america;ONT;24/06/2017;60.85164568621558;68.05935909224988
390;ireland;won;35.0;13.0;22.0;28.0;8.0;japan;Tokyo;24/06/2017;85.0809668190349;73.80455216010849
391;australia;won;40.0;27.0;13.0;21.0;13.0;italy;Brisbane;24/06/2017;83.66444565331904;71.91408248059494
392;argentina;won;45.0;29.0;16.0;26.0;8.0;georgia;San Salvador de Juruy;24/06/2017;79.12611886150549;72.47881847465396
393;united states of america;draw;28.0;28.0;0.0;21.0;15.0;canada;ONT;24/06/2017;67.33858775164644;61.57241702681901
394;france;lost;12.0;35.0;-23.0;9.0;16.0;south africa;Johannesburg;24/06/2017;77.47627556251518;85.71207702099093
395;italy;lost;27.0;40.0;-13.0;13.0;21.0;australia;Brisbane;24/06/2017;71.91408248059494;83.66444565331904
396;samoa;lost;26.0;30.0;-4.0;16.0;20.0;tonga;Nuku A'lofa;01/07/2017;70.32890403518483;72.82101518035411
397;tonga;won;30.0;26.0;4.0;20.0;16.0;samoa;Nuku A'lofa;01/07/2017;73.57180406583718;69.57811514970176
398;united states of america;won;52.0;16.0;36.0;19.0;9.0;canada;San Diego;01/07/2017;67.97366214292232;60.937342635543125
399;canada;lost;16.0;52.0;-36.0;9.0;19.0;united states of america;San Diego;01/07/2017;60.492790561650004;68.41821421681544
400;tonga;lost;10.0;14.0;-4.0;3.0;3.0;fiji;Nuku A'lofa;08/07/2017;73.15153136845872;79.78934978943106
401;samoa;lost;16.0;38.0;-22.0;16.0;14.0;fiji;Apia;15/07/2017;69.57811514970176;79.78934978943106
402;australia;lost;34.0;54.0;-20.0;6.0;40.0;new zealand;Sydney;19/08/2017;83.41308337854359;92.2400594295915
403;argentina;lost;15.0;37.0;-22.0;5.0;13.0;south africa;Port Elizabeth;19/08/2017;78.6140125854283;86.22418329706812
404;south africa;won;37.0;15.0;22.0;13.0;5.0;argentina;Port Elizabeth;19/08/2017;86.58265769032215;78.25553819217427
405;new zealand;won;54.0;34.0;20.0;40.0;6.0;australia;Sydney;19/08/2017;92.4160130219343;83.23712978620078
406;new zealand;won;35.0;29.0;6.0;14.0;17.0;australia;Dunedin;26/08/2017;92.49812469836095;83.15501810977413
407;australia;lost;29.0;35.0;-6.0;17.0;14.0;new zealand;Dunedin;26/08/2017;83.08932876863281;92.56381403950228
408;argentina;lost;23.0;41.0;-18.0;10.0;17.0;south africa;Salta;26/08/2017;78.00460611689645;86.83358976559997
409;south africa;won;41.0;23.0;18.0;17.0;10.0;argentina;Salta;26/08/2017;87.00924221829445;77.82895366420198
410;south africa;draw;23.0;23.0;0.0;10.0;13.0;australia;Perth;09/09/2017;86.61725087332829;83.48132011359897
411;new zealand;won;39.0;22.0;17.0;15.0;16.0;argentina;New Plymouth;09/09/2017;92.56381403950228;77.82895366420198
412;australia;draw;23.0;23.0;0.0;13.0;10.0;south africa;Perth;09/09/2017;83.16772703762604;86.93084394930122
413;argentina;lost;22.0;39.0;-17.0;16.0;15.0;new zealand;New Plymouth;09/09/2017;77.82895366420198;92.56381403950228
414;new zealand;won;57.0;0.0;57.0;31.0;0.0;south africa;North Shore City;16/09/2017;93.21886852597211;86.27578946283138
415;argentina;lost;20.0;45.0;-25.0;13.0;10.0;australia;Canberra;16/09/2017;77.12976967021558;83.86691103161243
416;australia;won;45.0;20.0;25.0;10.0;13.0;argentina;Canberra;16/09/2017;84.3563398274029;76.6403408744251
417;south africa;lost;0.0;57.0;-57.0;0.0;31.0;new zealand;North Shore City;16/09/2017;85.8172513223025;93.677406666501
418;south africa;draw;27.0;27.0;0.0;10.0;13.0;australia;Bloemfontein;30/09/2017;85.67116017281253;84.50243097689287
419;new zealand;won;36.0;10.0;26.0;29.0;3.0;argentina;Buenos Aires;30/09/2017;93.677406666501;76.6403408744251
420;australia;draw;27.0;27.0;0.0;13.0;10.0;south africa;Bloemfontein;30/09/2017;84.3855580573009;85.7880330924045
421;argentina;lost;10.0;36.0;-26.0;3.0;29.0;new zealand;Buenos Aires;30/09/2017;76.6403408744251;93.677406666501
422;argentina;lost;20.0;37.0;-17.0;13.0;13.0;australia;Mendoza;07/10/2017;76.30212345185647;84.72377547986953
423;south africa;lost;24.0;25.0;-1.0;3.0;8.0;new zealand;Cape Town;07/10/2017;85.57697044981416;93.88846930909135
424;new zealand;won;25.0;24.0;1.0;8.0;3.0;south africa;Cape Town;07/10/2017;94.05731942316363;85.40812033574187
425;australia;won;37.0;20.0;17.0;13.0;13.0;argentina;Mendoza;07/10/2017;84.96052767566758;76.06537125605843
426;australia;won;23.0;18.0;5.0;12.0;13.0;new zealand;Brisbane;21/10/2017;86.87020685041719;92.14764024841404
427;new zealand;lost;18.0;23.0;-5.0;13.0;12.0;australia;Brisbane;21/10/2017;90.61989690861435;88.39795019021687
428;japan;lost;30.0;63.0;-33.0;3.0;35.0;australia;Yokohama;04/11/2017;73.80455216010849;88.39795019021687
429;australia;won;63.0;30.0;33.0;35.0;3.0;japan;Yokohama;04/11/2017;88.39795019021687;73.80455216010849
430;argentina;lost;8.0;21.0;-13.0;3.0;14.0;england;Twickenham;11/11/2017;76.06537125605843;90.37684070369006
431;ireland;won;38.0;3.0;35.0;14.0;0.0;south africa;Lansdowne Road;11/11/2017;86.63003984654094;83.85904730823583
432;samoa;lost;38.0;44.0;-6.0;10.0;25.0;scotland;Murrayfield;11/11/2017;69.57811514970176;84.84288094778293
433;italy;won;19.0;10.0;9.0;10.0;10.0;fiji;Catania;11/11/2017;73.70160921147856;78.00182305854744
434;canada;lost;22.0;54.0;-32.0;8.0;23.0;georgia;Tbilisi;11/11/2017;60.492790561650004;72.47881847465396
435;georgia;won;54.0;22.0;32.0;23.0;8.0;canada;Tbilisi;11/11/2017;72.47881847465396;60.492790561650004
436;france;lost;18.0;38.0;-20.0;5.0;31.0;new zealand;Stade de France;11/11/2017;77.47627556251518;90.61989690861435
437;wales;lost;21.0;29.0;-8.0;13.0;22.0;australia;Millennium Stadium;11/11/2017;81.45644317743898;88.73778274435267
438;south africa;lost;3.0;38.0;-35.0;0.0;14.0;ireland;Lansdowne Road;11/11/2017;82.7746961889816;87.71439096579518
439;scotland;won;44.0;38.0;6.0;25.0;10.0;samoa;Murrayfield;11/11/2017;84.84288094778293;69.57811514970176
440;new zealand;won;38.0;18.0;20.0;31.0;5.0;france;Stade de France;11/11/2017;90.61989690861435;77.47627556251518
441;australia;won;29.0;21.0;8.0;22.0;13.0;wales;Millennium Stadium;11/11/2017;89.0096487876613;81.18457713413035
442;ireland;won;23.0;20.0;3.0;17.0;10.0;fiji;Lansdowne Road;18/11/2017;87.7431341750704;77.97307984927221
443;south africa;won;18.0;17.0;1.0;8.0;7.0;france;Stade de France;18/11/2017;83.24485412633496;77.00611762516182
444;tonga;lost;6.0;39.0;-33.0;6.0;27.0;japan;Toulouse;18/11/2017;71.74948448720619;75.20659904136102
445;scotland;lost;17.0;22.0;-5.0;3.0;3.0;new zealand;Murrayfield;18/11/2017;84.42058254386608;91.0421953125312
446;new zealand;won;22.0;17.0;5.0;3.0;3.0;scotland;Murrayfield;18/11/2017;91.38003403566469;84.08274382073259
447;japan;won;39.0;6.0;33.0;27.0;6.0;tonga;Toulouse;18/11/2017;76.18803185823779;70.76805167032941
448;france;lost;17.0;18.0;-1.0;7.0;8.0;south africa;Stade de France;18/11/2017;76.62999127527914;83.62098047621764
449;namibia;lost;36.0;52.0;-16.0;17.0;31.0;uruguay;Windhoek;18/11/2017;58.10867325416191;65.15543128389196
450;georgia;lost;6.0;13.0;-7.0;3.0;10.0;wales;Millennium Stadium;18/11/2017;72.3493943406016;81.31400126818271
451;argentina;won;31.0;15.0;16.0;8.0;9.0;italy;Firenze;18/11/2017;77.21080694937145;72.55617351816554
452;wales;won;13.0;6.0;7.0;10.0;3.0;georgia;Millennium Stadium;18/11/2017;81.4175405754246;72.24585503335972
453;australia;lost;6.0;30.0;-24.0;0.0;6.0;england;Twickenham;18/11/2017;87.71472757506562;91.67176191628575
454;italy;lost;15.0;31.0;-16.0;9.0;8.0;argentina;Firenze;18/11/2017;71.75436853284643;78.01261193469055
455;japan;draw;23.0;23.0;0.0;8.0;13.0;france;Paris;25/11/2017;76.14383591653366;76.67418721698327
456;canada;lost;17.0;57.0;-40.0;10.0;33.0;fiji;Narbonne;25/11/2017;60.492790561650004;77.97307984927221
457;france;draw;23.0;23.0;0.0;13.0;8.0;japan;Paris;25/11/2017;76.62115208693831;76.19687104657862
458;namibia;lost;34.0;39.0;-5.0;17.0;17.0;uruguay;Windhoek;25/11/2017;57.813349057134914;65.45075548091896
459;united states of america;lost;20.0;21.0;-1.0;12.0;21.0;georgia;Tbilisi;25/11/2017;67.80097829846987;72.86309095170529
460;wales;lost;18.0;33.0;-15.0;11.0;12.0;new zealand;Millennium Stadium;25/11/2017;81.41378992144861;91.38378468964068
461;scotland;won;53.0;24.0;29.0;17.0;12.0;australia;Murrayfield;25/11/2017;86.12754138388254;85.66993001191567
462;ireland;won;28.0;19.0;9.0;13.0;0.0;argentina;Lansdowne Road;25/11/2017;87.77008195103241;77.98566415872854
463;south africa;won;35.0;6.0;29.0;21.0;6.0;italy;Padova;25/11/2017;83.62098047621764;71.75436853284643
464;italy;lost;6.0;35.0;-29.0;6.0;21.0;south africa;Padova;25/11/2017;71.75436853284643;83.62098047621764
465;australia;lost;24.0;53.0;-29.0;12.0;17.0;scotland;Murrayfield;25/11/2017;84.2385717177107;87.55889967808751
466;georgia;won;21.0;20.0;1.0;21.0;12.0;united states of america;Tbilisi;25/11/2017;73.35687968638175;67.30718956379341
467;argentina;lost;19.0;28.0;-9.0;0.0;13.0;ireland;Lansdowne Road;25/11/2017;77.96410593795892;87.79164017180202
468;samoa;lost;14.0;48.0;-34.0;7.0;22.0;england;Twickenham;25/11/2017;69.57811514970176;91.67176191628575
469;new zealand;won;33.0;18.0;15.0;12.0;11.0;wales;Millennium Stadium;25/11/2017;91.38678521282147;81.41078939826782
470;wales;won;24.0;22.0;2.0;21.0;10.0;south africa;Millennium Stadium;02/12/2017;82.63180850606281;82.39996136842265
471;south africa;lost;22.0;24.0;-2.0;10.0;21.0;wales;Millennium Stadium;02/12/2017;81.42314608218666;83.6086237922988
472;canada;lost;29.0;38.0;-9.0;17.0;21.0;uruguay;Vancouver;27/01/2018;59.9885870535769;65.95495898899206
473;ireland;won;15.0;13.0;2.0;9.0;3.0;france;Stade de France;02/02/2018;87.79164017180202;76.62115208693831
474;france;lost;13.0;15.0;-2.0;3.0;9.0;ireland;Stade de France;03/02/2018;76.62115208693831;87.79164017180202
475;scotland;lost;7.0;34.0;-27.0;0.0;14.0;wales;Millennium Stadium;03/02/2018;85.46635829521921;85.7011651751671
476;wales;won;34.0;7.0;27.0;14.0;0.0;scotland;Millennium Stadium;03/02/2018;87.16594414317493;84.00157932721139
477;canada;lost;31.0;32.0;-1.0;18.0;10.0;uruguay;Montevideo;03/02/2018;59.58522424711842;66.35832179545055
478;italy;lost;15.0;46.0;-31.0;10.0;17.0;england;Rome;04/02/2018;71.75436853284643;91.67176191628575
479;canada;lost;10.0;29.0;-19.0;7.0;14.0;united states of america;Sacramento;10/02/2018;59.24351904461967;67.64889476629216
480;wales;lost;6.0;12.0;-6.0;3.0;12.0;england;Twickenham;10/02/2018;86.61652592048601;92.22118013897466
481;united states of america;won;29.0;10.0;19.0;14.0;7.0;canada;Sacramento;10/02/2018;67.88808840804128;59.00432540287054
482;italy;lost;19.0;56.0;-37.0;0.0;28.0;ireland;Lansdowne Road;10/02/2018;71.75436853284643;87.79164017180202
483;ireland;won;56.0;19.0;37.0;28.0;0.0;italy;Lansdowne Road;10/02/2018;87.79164017180202;71.75436853284643
484;scotland;won;32.0;26.0;6.0;14.0;20.0;france;Murrayfield;11/02/2018;84.26353660318408;76.35919481096562
485;france;lost;26.0;32.0;-6.0;20.0;14.0;scotland;Murrayfield;11/02/2018;76.14962899018747;84.47310242396223
486;italy;lost;17.0;34.0;-17.0;7.0;11.0;france;Marseille;23/02/2018;70.91365760144758;76.99033992158631
487;france;won;34.0;17.0;17.0;11.0;7.0;italy;Marseille;23/02/2018;77.57883757356551;70.32515994946839
488;scotland;won;25.0;13.0;12.0;22.0;6.0;england;Murrayfield;24/02/2018;86.24791019546348;90.44637236747342
489;wales;lost;27.0;37.0;-10.0;13.0;15.0;ireland;Lansdowne Road;24/02/2018;85.73403734561761;88.67412874667042
490;ireland;won;37.0;27.0;10.0;15.0;13.0;wales;Lansdowne Road;24/02/2018;89.38011960656513;85.02804648572288
491;united states of america;won;61.0;19.0;42.0;40.0;0.0;uruguay;Montevideo;03/03/2018;69.15862341615268;65.08778678733916
492;russia;lost;9.0;29.0;-20.0;9.0;7.0;georgia;Krasnodar;10/03/2018;61.32486280530255;73.35687968638175
493;scotland;lost;8.0;28.0;-20.0;3.0;14.0;ireland;Lansdowne Road;10/03/2018;85.21774160712873;90.41028819489988
494;ireland;won;28.0;8.0;20.0;14.0;3.0;scotland;Lansdowne Road;10/03/2018;91.1314062067342;84.49662359529441
495;georgia;won;29.0;9.0;20.0;7.0;9.0;russia;Krasnodar;10/03/2018;73.35687968638175;61.32486280530255
496;france;won;22.0;16.0;6.0;9.0;9.0;england;Stade de France;10/03/2018;79.57883757356551;88.44637236747342
497;wales;won;38.0;14.0;24.0;17.0;7.0;italy;Millennium Stadium;11/03/2018;85.02804648572288;70.32515994946839
498;italy;lost;14.0;38.0;-24.0;7.0;17.0;wales;Millennium Stadium;11/03/2018;70.32515994946839;85.02804648572288
499;ireland;won;24.0;15.0;9.0;21.0;5.0;england;Twickenham;17/03/2018;91.86290282280812;87.71487575139949
500;france;lost;13.0;14.0;-1.0;10.0;14.0;wales;Millennium Stadium;17/03/2018;79.12375846478125;85.48312559450714
501;italy;lost;27.0;29.0;-2.0;17.0;12.0;scotland;Rome;17/03/2018;70.32515994946839;84.49662359529441
502;scotland;won;29.0;27.0;2.0;12.0;17.0;italy;Rome;17/03/2018;84.49662359529441;70.32515994946839
503;wales;won;14.0;13.0;1.0;14.0;10.0;france;Millennium Stadium;17/03/2018;85.84718888153455;78.75969517775384
504;wales;won;22.0;20.0;2.0;14.0;3.0;south africa;Washington DC;02/06/2018;86.40478460159976;80.86555036212145
505;south africa;lost;20.0;22.0;-2.0;3.0;14.0;wales;Washington DC;02/06/2018;80.41947378606929;86.85086117765192
506;france;lost;11.0;52.0;-41.0;11.0;8.0;new zealand;Auckland;09/06/2018;78.75969517775384;91.38678521282147
507;italy;lost;17.0;34.0;-17.0;14.0;17.0;japan;Oita;09/06/2018;69.70591661403492;76.81611438201209
508;united states of america;won;62.0;13.0;49.0;34.0;13.0;russia;Commerce City;09/06/2018;69.48355932452516;60.99992689693007
509;canada;lost;10.0;48.0;-38.0;3.0;15.0;scotland;Edmonton;09/06/2018;59.00432540287054;84.49662359529441
510;japan;won;34.0;17.0;17.0;17.0;14.0;italy;Oita;09/06/2018;77.24958471681552;69.27244627923149
511;scotland;won;48.0;10.0;38.0;15.0;3.0;canada;Edmonton;09/06/2018;84.49662359529441;59.00432540287054
512;new zealand;won;52.0;11.0;41.0;8.0;11.0;france;Auckland;09/06/2018;91.38678521282147;78.75969517775384
513;australia;won;18.0;9.0;9.0;8.0;6.0;ireland;Brisbane;09/06/2018;86.00100482822045;90.10046971229838
514;ireland;lost;9.0;18.0;-9.0;6.0;8.0;australia;Brisbane;09/06/2018;88.69052322389058;87.41095131662824
515;wales;won;23.0;10.0;13.0;17.0;3.0;argentina;San Juan;09/06/2018;86.96218565368262;77.85278146192822
516;samoa;lost;22.0;24.0;-2.0;3.0;17.0;fiji;Suva;09/06/2018;69.4176116196588;78.13358337931517
517;tonga;lost;15.0;16.0;-1.0;3.0;13.0;georgia;Suva;09/06/2018;70.02693447193465;74.0979968847765
518;russia;lost;13.0;62.0;-49.0;13.0;34.0;united states of america;Commerce City;09/06/2018;60.77247176106933;69.7110144603859
519;georgia;won;16.0;15.0;1.0;13.0;3.0;tonga;Suva;09/06/2018;74.69089064349232;69.43404071321883
520;south africa;won;42.0;39.0;3.0;29.0;27.0;england;Johannesburg;09/06/2018;82.14901398260231;85.98533555486647
521;argentina;lost;10.0;23.0;-13.0;3.0;17.0;wales;San Juan;09/06/2018;77.76372188110366;87.05124523450718
522;wales;won;30.0;12.0;18.0;19.0;5.0;argentina;Santa Fe;16/06/2018;87.15811673149665;77.6568503841142
523;canada;lost;20.0;43.0;-23.0;10.0;26.0;russia;Nepean;16/06/2018;57.76954735660036;62.00724980733951
524;argentina;lost;12.0;30.0;-18.0;5.0;19.0;wales;Santa Fe;16/06/2018;77.58204033622157;87.23292677938927
525;japan;lost;22.0;25.0;-3.0;3.0;12.0;italy;Kobe;16/06/2018;75.45187087305712;71.07016012298989
526;france;lost;13.0;26.0;-13.0;6.0;21.0;new zealand;Wellington;16/06/2018;78.75969517775384;91.38678521282147
527;russia;won;43.0;20.0;23.0;26.0;10.0;canada;Nepean;16/06/2018;62.87159443972864;56.905202724211236
528;samoa;lost;18.0;28.0;-10.0;6.0;17.0;tonga;Suva;16/06/2018;68.41925452901481;70.43239780386283
529;united states of america;won;30.0;29.0;1.0;13.0;24.0;scotland;Houston;16/06/2018;71.7110144603859;82.49662359529441
530;italy;won;25.0;22.0;3.0;12.0;3.0;japan;Kobe;16/06/2018;72.50833119799661;74.0136997980504
531;ireland;won;26.0;21.0;5.0;16.0;14.0;australia;Melbourne;16/06/2018;89.56256603316434;86.53890850735448
532;australia;lost;21.0;26.0;-5.0;14.0;16.0;ireland;Melbourne;16/06/2018;85.84127425993546;90.26020028058336
533;south africa;won;23.0;12.0;11.0;13.0;12.0;england;Bloemfontein;16/06/2018;83.53264613982873;84.60170339764005
534;georgia;lost;15.0;37.0;-22.0;15.0;10.0;fiji;Suva;16/06/2018;73.70729455386575;79.11717946894174
535;new zealand;won;26.0;13.0;13.0;21.0;6.0;france;Wellington;16/06/2018;91.38678521282147;78.75969517775384
536;tonga;won;28.0;18.0;10.0;17.0;6.0;samoa;Suva;16/06/2018;71.23108347637802;67.6205688564996
537;scotland;lost;29.0;30.0;-1.0;24.0;13.0;united states of america;Houston;16/06/2018;80.49662359529441;73.7110144603859
538;scotland;won;44.0;15.0;29.0;36.0;3.0;argentina;Resistencia;23/06/2018;81.55943610643348;76.5192278250825
539;ireland;won;20.0;16.0;4.0;12.0;9.0;australia;Sydney;23/06/2018;90.81830767851858;85.28316686200026
540;new zealand;won;49.0;14.0;35.0;21.0;14.0;france;Dunedin;23/06/2018;91.38678521282147;78.75969517775384
541;france;lost;14.0;49.0;-35.0;14.0;21.0;new zealand;Dunedin;23/06/2018;78.75969517775384;91.38678521282147
542;argentina;lost;15.0;44.0;-29.0;3.0;36.0;scotland;Resistencia;23/06/2018;75.77525906728515;82.30340486423083
543;japan;won;28.0;0.0;28.0;9.0;0.0;georgia;Aichi;23/06/2018;75.4677390114227;72.25325534049345
544;australia;lost;16.0;20.0;-4.0;9.0;12.0;ireland;Sydney;23/06/2018;84.83668094365208;91.26479359686675
545;united states of america;won;42.0;17.0;25.0;13.0;3.0;canada;NS;23/06/2018;73.7110144603859;56.905202724211236
546;tonga;won;27.0;19.0;8.0;7.0;7.0;fiji;Lautoka;23/06/2018;73.0196930756344;77.32856986968537
547;canada;lost;17.0;42.0;-25.0;3.0;13.0;united states of america;NS;23/06/2018;56.905202724211236;73.7110144603859
548;georgia;lost;0.0;28.0;-28.0;0.0;9.0;japan;Aichi;23/06/2018;71.23542789113284;76.4855664607833
549;south africa;lost;10.0;25.0;-15.0;3.0;6.0;england;Cape Town;23/06/2018;82.63955186560986;85.49479767185892
550;argentina;lost;21.0;34.0;-13.0;14.0;10.0;south africa;Durban;18/08/2018;75.46168834711762;82.9531225857774
551;south africa;won;34.0;21.0;13.0;10.0;14.0;argentina;Durban;18/08/2018;83.20397916191142;75.21083177098359
552;australia;lost;13.0;38.0;-25.0;6.0;5.0;new zealand;Sydney;18/08/2018;84.3191965840275;91.90426957244605
553;new zealand;won;38.0;13.0;25.0;5.0;6.0;australia;Sydney;18/08/2018;92.26650862418327;83.95695753229028
554;new zealand;won;40.0;12.0;28.0;14.0;7.0;australia;Auckland;25/08/2018;92.52007596039932;83.70339019607422
555;argentina;won;32.0;19.0;13.0;27.0;7.0;south africa;Mendoza;25/08/2018;77.01014651007637;81.40466442281864
556;south africa;lost;19.0;32.0;-13.0;7.0;27.0;argentina;Mendoza;25/08/2018;79.96521263154442;78.44959830135059
557;australia;lost;12.0;40.0;-28.0;7.0;14.0;new zealand;Auckland;25/08/2018;83.52589306072299;92.69757309575056
558;australia;won;23.0;18.0;5.0;17.0;18.0;south africa;Brisbane;08/09/2018;84.16982501780514;79.32128067446227
559;south africa;lost;18.0;23.0;-5.0;18.0;17.0;australia;Brisbane;08/09/2018;78.80613510879655;84.68497058347086
560;argentina;lost;24.0;46.0;-22.0;7.0;18.0;new zealand;Nelson;08/09/2018;78.44959830135059;92.69757309575056
561;new zealand;won;46.0;24.0;22.0;18.0;7.0;argentina;Nelson;08/09/2018;92.69757309575056;78.44959830135059
562;australia;lost;19.0;23.0;-4.0;14.0;17.0;argentina;Gold Coast;15/09/2018;83.06143335525883;80.07313552956262
563;new zealand;lost;34.0;36.0;-2.0;17.0;24.0;south africa;Wellington;15/09/2018;90.69757309575056;80.80613510879655
564;argentina;won;23.0;19.0;4.0;17.0;14.0;australia;Gold Coast;15/09/2018;81.37196531213225;81.7626035726892
565;south africa;won;36.0;34.0;2.0;24.0;17.0;new zealand;Wellington;15/09/2018;82.79527890749195;88.70842929705516
566;australia;lost;12.0;23.0;-11.0;12.0;20.0;south africa;Port Elizabeth;29/09/2018;80.86587110616948;83.69201137401167
567;south africa;won;23.0;12.0;11.0;20.0;12.0;australia;Port Elizabeth;29/09/2018;84.40939734722745;80.1484851329537
568;new zealand;won;35.0;17.0;18.0;21.0;3.0;argentina;Buenos Aires;29/09/2018;89.10795969931672;80.97243490987069
569;argentina;lost;17.0;35.0;-18.0;3.0;21.0;new zealand;Buenos Aires;29/09/2018;80.6927636282876;89.38763098089981
570;south africa;lost;30.0;32.0;-2.0;30.0;6.0;new zealand;Pretoria;06/10/2018;83.90722071059469;89.88980761753258
571;argentina;lost;34.0;45.0;-11.0;31.0;7.0;australia;Salta;06/10/2018;79.6383357787542;81.20291298248708
572;new zealand;won;32.0;30.0;2.0;6.0;30.0;south africa;Pretoria;06/10/2018;90.2915489268388;83.50547940128848
573;australia;won;45.0;34.0;11.0;7.0;31.0;argentina;Salta;06/10/2018;82.0464552621138;78.79479349912748
574;australia;lost;20.0;37.0;-17.0;10.0;17.0;new zealand;Yokohama;27/10/2018;81.78321931182255;90.55478487713005
575;new zealand;won;37.0;20.0;17.0;17.0;10.0;australia;Yokohama;27/10/2018;90.73905004233393;81.59895414661867
576;ireland;won;54.0;7.0;47.0;14.0;7.0;italy;Chicago;03/11/2018;91.26479359686675;72.50833119799661
577;japan;lost;31.0;69.0;-38.0;19.0;38.0;new zealand;Tokyo;03/11/2018;76.4855664607833;90.73905004233393
578;wales;won;21.0;10.0;11.0;14.0;10.0;scotland;Millennium Stadium;03/11/2018;87.73997458787343;81.79635705574667
579;scotland;lost;10.0;21.0;-11.0;10.0;14.0;wales;Millennium Stadium;03/11/2018;81.39071880895935;88.14561283466075
580;new zealand;won;69.0;31.0;38.0;38.0;19.0;japan;Tokyo;03/11/2018;90.73905004233393;76.4855664607833
581;south africa;lost;11.0;12.0;-1.0;8.0;6.0;england;Twickenham;03/11/2018;82.70441122834552;86.29586584480188
582;italy;lost;7.0;54.0;-47.0;7.0;14.0;ireland;Chicago;03/11/2018;72.50833119799661;91.26479359686675
583;south africa;won;29.0;26.0;3.0;9.0;16.0;france;Stade de France;10/11/2018;83.30993962328635;78.15416678281301
584;australia;lost;6.0;9.0;-3.0;3.0;3.0;wales;Millennium Stadium;10/11/2018;81.25362001542288;88.49094696585655
585;georgia;lost;17.0;28.0;-11.0;7.0;18.0;italy;Firenze;10/11/2018;70.36271822181922;73.38104086731023
586;new zealand;won;16.0;15.0;1.0;10.0;15.0;england;Twickenham;10/11/2018;91.29473162258073;85.74018426455508
587;russia;won;47.0;20.0;27.0;19.0;6.0;namibia;Krasnodar;10/11/2018;63.61285763233958;57.07208586452397
588;wales;won;9.0;6.0;3.0;3.0;3.0;australia;Millennium Stadium;10/11/2018;88.76721427081318;80.97735271046625
589;scotland;won;54.0;17.0;37.0;21.0;17.0;fiji;Murrayfield;10/11/2018;82.28139646806825;76.43789221057646
590;italy;won;28.0;17.0;11.0;18.0;7.0;georgia;Firenze;10/11/2018;74.07920860276113;69.66455048636833
591;united states of america;won;30.0;29.0;1.0;20.0;21.0;samoa;San Sebastian;10/11/2018;74.10196989999727;67.22961341688823
592;namibia;lost;20.0;47.0;-27.0;6.0;19.0;russia;Krasnodar;10/11/2018;56.55320162969631;64.13174186716724
593;ireland;won;28.0;17.0;11.0;15.0;14.0;argentina;Lansdowne Road;10/11/2018;91.26479359686675;78.79479349912748
594;argentina;lost;17.0;28.0;-11.0;14.0;15.0;ireland;Lansdowne Road;10/11/2018;78.79479349912748;91.26479359686675
595;samoa;lost;29.0;30.0;-1.0;21.0;20.0;united states of america;San Sebastian;10/11/2018;66.91684906519913;74.41473425168637
596;france;lost;26.0;29.0;-3.0;16.0;9.0;south africa;Stade de France;10/11/2018;77.66974406686035;83.79436233923902
597;wales;won;74.0;24.0;50.0;24.0;17.0;tonga;Millennium Stadium;17/11/2018;88.76721427081318;73.0196930756344
598;new zealand;lost;9.0;16.0;-7.0;6.0;9.0;ireland;Lansdowne Road;17/11/2018;90.29173782000933;92.26778739943815
599;italy;lost;7.0;26.0;-19.0;0.0;14.0;australia;Padova;17/11/2018;73.61393021891689;81.44263109431049
600;japan;lost;15.0;35.0;-20.0;15.0;10.0;england;Twickenham;17/11/2018;76.37375913134908;85.85199159398931
601;argentina;lost;13.0;28.0;-15.0;10.0;11.0;france;Lille;17/11/2018;77.68228855590077;78.78224901008706
602;tonga;lost;24.0;74.0;-50.0;17.0;24.0;wales;Millennium Stadium;17/11/2018;73.0196930756344;88.76721427081318
603;australia;won;26.0;7.0;19.0;14.0;0.0;italy;Padova;17/11/2018;81.76832596300144;73.28823535022593
604;france;won;28.0;13.0;15.0;11.0;10.0;argentina;Lille;17/11/2018;79.67225296466843;76.7922846013194
605;scotland;lost;20.0;26.0;-6.0;17.0;20.0;south africa;Murrayfield;17/11/2018;81.43269305518533;84.64306575212194
606;georgia;won;27.0;19.0;8.0;10.0;19.0;samoa;Tbilisi;17/11/2018;70.3897803442514;66.19161920731605
607;samoa;lost;19.0;27.0;-8.0;19.0;10.0;georgia;Tbilisi;17/11/2018;65.6114353210096;70.96996423055788
608;south africa;won;26.0;20.0;6.0;20.0;17.0;scotland;Murrayfield;17/11/2018;85.32202848242828;80.75373032487899
609;ireland;won;16.0;9.0;7.0;9.0;6.0;new zealand;Lansdowne Road;17/11/2018;93.07018244149526;89.48934277795222
610;argentina;lost;9.0;14.0;-5.0;3.0;6.0;scotland;Murrayfield;24/11/2018;76.18842917367536;81.35758575252302
611;japan;won;32.0;27.0;5.0;10.0;22.0;russia;Gloucester;24/11/2018;76.37375913134908;64.13174186716724
612;united states of america;lost;14.0;57.0;-43.0;14.0;24.0;ireland;Lansdowne Road;24/11/2018;74.41473425168637;93.07018244149526
613;italy;lost;3.0;66.0;-63.0;3.0;31.0;new zealand;Rome;24/11/2018;73.28823535022593;89.48934277795222
614;scotland;won;14.0;9.0;5.0;6.0;3.0;argentina;Murrayfield;24/11/2018;81.84067009463826;75.70534483156013
615;georgia;won;20.0;9.0;11.0;7.0;6.0;tonga;Tbilisi;24/11/2018;72.17493711506553;71.81472019112674
616;new zealand;won;66.0;3.0;63.0;31.0;3.0;italy;Rome;24/11/2018;89.48934277795222;73.28823535022593
617;tonga;lost;9.0;20.0;-11.0;6.0;7.0;georgia;Tbilisi;24/11/2018;70.85074188352061;73.13891542267166
618;south africa;lost;11.0;20.0;-9.0;3.0;14.0;wales;Millennium Stadium;24/11/2018;84.66654706126677;89.4226956919747
619;wales;won;20.0;11.0;9.0;14.0;3.0;south africa;Millennium Stadium;24/11/2018;89.9470808289039;84.14216192433756
620;france;lost;14.0;21.0;-7.0;14.0;12.0;fiji;Stade de France;24/11/2018;78.34881688925924;77.76132828598566
621;ireland;won;57.0;14.0;43.0;24.0;14.0;united states of america;Lansdowne Road;24/11/2018;93.07018244149526;74.41473425168637
622;russia;lost;27.0;32.0;-5.0;22.0;10.0;japan;Gloucester;24/11/2018;64.13174186716724;76.37375913134908
623;australia;lost;18.0;37.0;-19.0;13.0;13.0;england;Twickenham;24/11/2018;80.88087580764963;86.73944174934113
624;france;lost;19.0;24.0;-5.0;16.0;0.0;wales;Stade de France;01/02/2019;78.34881688925924;89.9470808289039
625;wales;won;24.0;19.0;5.0;0.0;16.0;france;Stade de France;01/02/2019;89.9470808289039;78.34881688925924
626;italy;lost;20.0;33.0;-13.0;3.0;12.0;scotland;Murrayfield;02/02/2019;73.14347882466717;81.98542662019702
627;canada;lost;17.0;20.0;-3.0;5.0;8.0;uruguay;Montevideo;02/02/2019;56.72346113052403;65.26952838102636
628;ireland;lost;20.0;32.0;-12.0;10.0;17.0;england;Lansdowne Road;02/02/2019;91.43710837227985;88.37251581855654
629;scotland;won;33.0;20.0;13.0;12.0;3.0;italy;Murrayfield;02/02/2019;82.10123184064403;73.02767360422015
630;scotland;lost;13.0;22.0;-9.0;10.0;12.0;ireland;Murrayfield;09/02/2019;82.03481949380762;91.50352071911627
631;ireland;won;22.0;13.0;9.0;12.0;10.0;scotland;Murrayfield;09/02/2019;91.5566505965854;81.98168961633849
632;italy;lost;15.0;26.0;-11.0;7.0;12.0;wales;Rome;09/02/2019;73.02767360422015;89.9470808289039
633;wales;won;26.0;15.0;11.0;12.0;7.0;italy;Rome;09/02/2019;89.9470808289039;73.02767360422015
634;france;lost;8.0;44.0;-36.0;8.0;30.0;england;Twickenham;10/02/2019;78.34881688925924;88.37251581855654
635;france;won;27.0;10.0;17.0;10.0;3.0;scotland;Stade de France;23/02/2019;80.39374779832113;79.9367587072766
636;wales;won;21.0;13.0;8.0;3.0;10.0;england;Millennium Stadium;23/02/2019;90.78962432786918;87.52997231959128
637;scotland;lost;10.0;27.0;-17.0;3.0;10.0;france;Stade de France;23/02/2019;78.50530707093327;81.82519943466446
638;italy;lost;16.0;26.0;-10.0;16.0;12.0;ireland;Rome;24/02/2019;73.02767360422015;91.5566505965854
639;ireland;won;26.0;16.0;10.0;12.0;16.0;italy;Rome;24/02/2019;91.5566505965854;73.02767360422015
640;united states of america;lost;25.0;32.0;-7.0;13.0;19.0;uruguay;Seattle;02/03/2019;72.50021366462036;67.18404896809236
641;united states of america;won;30.0;25.0;5.0;15.0;12.0;canada;Seattle;08/03/2019;72.50021366462036;56.72346113052403
642;canada;lost;25.0;30.0;-5.0;12.0;15.0;united states of america;Seattle;08/03/2019;56.72346113052403;72.50021366462036
643;wales;won;18.0;11.0;7.0;15.0;6.0;scotland;Murrayfield;09/03/2019;90.78962432786918;78.50530707093327
644;scotland;lost;11.0;18.0;-7.0;6.0;15.0;wales;Murrayfield;09/03/2019;78.50530707093327;90.78962432786918
645;italy;lost;14.0;57.0;-43.0;7.0;31.0;england;Twickenham;09/03/2019;73.02767360422015;87.52997231959128
646;france;lost;14.0;26.0;-12.0;0.0;19.0;ireland;Lansdowne Road;10/03/2019;81.79834455085656;91.5835054803933
647;ireland;won;26.0;14.0;12.0;19.0;0.0;france;Lansdowne Road;10/03/2019;91.60498938743963;81.77686064381022
648;france;won;25.0;14.0;11.0;10.0;6.0;italy;Rome;16/03/2019;81.90194193985121;72.90259230817917
649;scotland;draw;38.0;38.0;0.0;7.0;31.0;england;Twickenham;16/03/2019;77.60284054606747;88.43243884445708
650;italy;lost;14.0;25.0;-11.0;6.0;10.0;france;Rome;16/03/2019;72.80252727134638;82.00200697668402
651;ireland;lost;7.0;25.0;-18.0;0.0;16.0;wales;Millennium Stadium;16/03/2019;89.98268462850406;92.41192908680475
652;wales;won;25.0;7.0;18.0;16.0;0.0;ireland;Millennium Stadium;16/03/2019;93.54754241805965;88.84707129724916
653;russia;lost;6.0;22.0;-16.0;3.0;10.0;georgia;Krasnodar;17/03/2019;63.9828179004929;73.28783938934599
654;georgia;won;22.0;6.0;16.0;10.0;3.0;russia;Krasnodar;17/03/2019;73.39208616601803;63.87857112382086
655;russia;lost;26.0;48.0;-22.0;12.0;29.0;uruguay;Montevideo;04/06/2019;62.874392800461585;68.18822729145162
656;namibia;won;30.0;28.0;2.0;17.0;7.0;uruguay;Montevideo;09/06/2019;58.55320162969631;66.18822729145162
657;namibia;lost;0.0;20.0;-20.0;0.0;13.0;russia;Montevideo;15/06/2019;57.701380305311105;63.72621412484679
658;russia;won;20.0;0.0;20.0;13.0;0.0;namibia;Montevideo;15/06/2019;64.32248905191643;57.10510537824146
659;south africa;won;35.0;17.0;18.0;14.0;10.0;australia;Johannesburg;20/07/2019;85.15296900683437;79.87006872515282
660;argentina;lost;16.0;20.0;-4.0;9.0;20.0;new zealand;Buenos Aires;20/07/2019;75.70534483156013;89.48934277795222
661;new zealand;won;20.0;16.0;4.0;20.0;9.0;argentina;Buenos Aires;20/07/2019;89.48934277795222;75.70534483156013
662;australia;lost;17.0;35.0;-18.0;10.0;14.0;south africa;Johannesburg;20/07/2019;79.16250376740506;85.86053396458213
663;new zealand;draw;16.0;16.0;0.0;7.0;6.0;south africa;Wellington;27/07/2019;89.12646189661521;86.22341484591914
664;canada;lost;19.0;47.0;-28.0;0.0;20.0;united states of america;Glendale;27/07/2019;56.72346113052403;72.50021366462036
665;australia;won;16.0;10.0;6.0;10.0;3.0;argentina;Brisbane;27/07/2019;79.81678787382056;75.05106072514462
666;argentina;lost;10.0;16.0;-6.0;3.0;10.0;australia;Brisbane;27/07/2019;74.52763344001221;80.34021515895296
667;japan;won;34.0;21.0;13.0;29.0;14.0;fiji;Kamaishi;27/07/2019;77.51251604681273;76.622571370522
668;samoa;won;25.0;17.0;8.0;3.0;10.0;tonga;Apia;27/07/2019;67.13536597726069;69.32681122726952
669;united states of america;won;47.0;19.0;28.0;20.0;0.0;canada;Glendale;27/07/2019;72.50021366462036;56.72346113052403
670;tonga;lost;17.0;25.0;-8.0;10.0;3.0;samoa;Apia;27/07/2019;68.10766670226863;68.35451050226158
671;south africa;draw;16.0;16.0;0.0;6.0;7.0;new zealand;Wellington;27/07/2019;85.93311014084954;89.41676660168481
672;tonga;lost;7.0;41.0;-34.0;0.0;21.0;japan;Osaka;03/08/2019;68.01839410395024;77.60178864513112
673;japan;won;41.0;7.0;34.0;21.0;0.0;tonga;Osaka;03/08/2019;77.66427946395399;67.95590328512738
674;samoa;lost;10.0;13.0;-3.0;7.0;10.0;united states of america;Suva;03/08/2019;67.76908081849746;73.08564334838448
675;united states of america;won;13.0;10.0;3.0;10.0;7.0;samoa;Suva;03/08/2019;73.55398709539578;67.30073707148615
676;canada;lost;13.0;38.0;-25.0;13.0;19.0;fiji;Suva;03/08/2019;56.72346113052403;76.622571370522
677;tonga;won;33.0;23.0;10.0;19.0;8.0;canada;Lautoka;09/08/2019;67.95590328512738;56.72346113052403
678;canada;lost;23.0;33.0;-10.0;8.0;19.0;tonga;Lautoka;09/08/2019;56.72346113052403;67.95590328512738
679;japan;won;34.0;20.0;14.0;20.0;13.0;united states of america;Suva;10/08/2019;78.25325022709816;72.96501633225161
680;new zealand;lost;26.0;47.0;-21.0;12.0;16.0;australia;Perth;10/08/2019;86.55528388527503;83.20169787536274
681;argentina;lost;13.0;46.0;-33.0;13.0;24.0;south africa;Salta;10/08/2019;74.52763344001221;85.93311014084954
682;samoa;lost;3.0;10.0;-7.0;3.0;3.0;fiji;Suva;10/08/2019;67.23292050138974;76.69038794061841
683;italy;lost;10.0;29.0;-19.0;10.0;19.0;ireland;Lansdowne Road;10/08/2019;72.80252727134638;88.84707129724916
684;south africa;won;46.0;13.0;33.0;24.0;13.0;argentina;Salta;10/08/2019;85.93311014084954;74.52763344001221
685;ireland;won;29.0;10.0;19.0;19.0;10.0;italy;Lansdowne Road;10/08/2019;88.84707129724916;72.80252727134638
686;united states of america;lost;20.0;34.0;-14.0;13.0;20.0;japan;Suva;10/08/2019;72.49383972173626;78.7244268376135
687;australia;won;47.0;26.0;21.0;16.0;12.0;new zealand;Perth;10/08/2019;85.20473577684959;84.55224598378818
688;wales;lost;19.0;33.0;-14.0;7.0;21.0;england;Twickenham;11/08/2019;92.0360320606994;89.94394920181733
689;australia;lost;0.0;36.0;-36.0;0.0;17.0;new zealand;Auckland;17/08/2019;83.60686230789038;86.15011945274739
690;russia;lost;15.0;85.0;-70.0;8.0;38.0;italy;San Benedetto del Tronto;17/08/2019;64.09449478483093;73.03052153843188
691;wales;won;13.0;6.0;7.0;10.0;0.0;england;Millennium Stadium;17/08/2019;92.82682377481119;89.15315748770554
692;france;won;32.0;3.0;29.0;20.0;3.0;scotland;Nice;17/08/2019;82.84213201209154;76.76271551065994
693;scotland;lost;3.0;32.0;-29.0;3.0;20.0;france;Nice;17/08/2019;76.17462798587468;83.4302195368768
694;argentina;lost;18.0;24.0;-6.0;3.0;8.0;south africa;Pretoria;17/08/2019;74.52763344001221;85.93311014084954
695;new zealand;won;36.0;0.0;36.0;17.0;0.0;australia;Auckland;17/08/2019;87.26863088101884;82.48835087961893
696;south africa;won;24.0;18.0;6.0;8.0;3.0;argentina;Pretoria;17/08/2019;85.93311014084954;74.52763344001221
697;italy;won;85.0;15.0;70.0;38.0;8.0;russia;San Benedetto del Tronto;17/08/2019;73.19011752539174;63.93489879787107
698;france;lost;14.0;17.0;-3.0;14.0;10.0;scotland;Murrayfield;24/08/2019;81.70466038177659;77.9001871409749
699;ireland;lost;15.0;57.0;-42.0;10.0;22.0;england;Twickenham;24/08/2019;87.39298422581761;90.60724455913709
700;scotland;won;17.0;14.0;3.0;10.0;14.0;france;Murrayfield;24/08/2019;79.28063446505506;80.32421305769643
701;france;won;47.0;19.0;28.0;19.0;7.0;italy;Stade de France;30/08/2019;80.75409872785072;72.76023185523745
702;italy;lost;19.0;47.0;-28.0;7.0;19.0;france;Stade de France;30/08/2019;72.45931188612944;81.05501869695873
703;wales;lost;17.0;22.0;-5.0;3.0;15.0;ireland;Millennium Stadium;31/08/2019;91.28343981991183;88.93636818071697
704;ireland;won;22.0;17.0;5.0;15.0;3.0;wales;Millennium Stadium;31/08/2019;90.17107534463645;90.04873265599235
705;georgia;lost;10.0;44.0;-34.0;3.0;23.0;scotland;Tbilisi;31/08/2019;72.77536841087358;79.89735222019951
706;scotland;won;44.0;10.0;34.0;23.0;3.0;georgia;Tbilisi;31/08/2019;80.32905464880062;72.34366598227247
707;tonga;lost;19.0;29.0;-10.0;12.0;17.0;fiji;Auckland;31/08/2019;67.82935175067648;76.8169394750693
708;georgia;lost;9.0;36.0;-27.0;9.0;10.0;scotland;Murrayfield;06/09/2019;72.0414742822517;80.63124634882139
709;scotland;won;36.0;9.0;27.0;10.0;9.0;georgia;Murrayfield;06/09/2019;80.84278053883594;71.82994009223715
710;japan;lost;7.0;41.0;-34.0;0.0;22.0;south africa;Kumagaya;06/09/2019;78.30572933309891;86.35180764536413
711;south africa;won;41.0;7.0;34.0;22.0;0.0;japan;Kumagaya;06/09/2019;86.64489589852435;78.01264107993869
712;italy;lost;0.0;37.0;-37.0;0.0;9.0;england;Newcastle;06/09/2019;72.45931188612944;90.60724455913709
713;ireland;won;19.0;10.0;9.0;7.0;10.0;wales;Lansdowne Road;07/09/2019;91.15884107577205;89.06096692485676
714;new zealand;won;92.0;7.0;85.0;54.0;0.0;tonga;Hamilton;07/09/2019;87.26863088101884;67.82935175067648
715;canada;lost;15.0;20.0;-5.0;10.0;12.0;united states of america;Vancouver;07/09/2019;56.72346113052403;72.49383972173626
716;australia;won;34.0;15.0;19.0;22.0;3.0;samoa;Parramatta;07/09/2019;82.48835087961893;67.23292050138974
717;tonga;lost;7.0;92.0;-85.0;0.0;54.0;new zealand;Hamilton;07/09/2019;67.82935175067648;87.26863088101884
718;united states of america;won;20.0;15.0;5.0;12.0;10.0;canada;Vancouver;07/09/2019;72.49383972173626;56.72346113052403
719;samoa;lost;15.0;34.0;-19.0;3.0;22.0;australia;Parramatta;07/09/2019;67.23292050138974;82.48835087961893
720;wales;lost;10.0;19.0;-9.0;10.0;7.0;ireland;Lansdowne Road;07/09/2019;88.27075433994828;91.94905366068052
721;japan;won;30.0;10.0;20.0;12.0;7.0;russia;Japan;20/09/2019;78.01264107993869;63.93489879787107
722;australia;won;39.0;21.0;18.0;12.0;14.0;fiji;Japan;21/09/2019;82.48835087961893;76.8169394750693
723;france;won;23.0;21.0;2.0;20.0;3.0;argentina;Japan;21/09/2019;81.05501869695873;74.52763344001221
724;new zealand;won;23.0;13.0;10.0;17.0;3.0;south africa;Japan;21/09/2019;87.26863088101884;86.64489589852435
725;italy;won;47.0;22.0;25.0;21.0;7.0;namibia;Japan;22/09/2019;72.45931188612944;57.10510537824146
726;ireland;won;27.0;3.0;24.0;19.0;3.0;scotland;Japan;22/09/2019;91.94905366068052;80.84278053883594
727;england;won;35.0;3.0;32.0;18.0;3.0;tonga;Japan;22/09/2019;90.60724455913709;67.82935175067648
728;wales;won;43.0;14.0;29.0;29.0;0.0;georgia;Japan;23/09/2019;88.27075433994828;71.82994009223715
729;russia;lost;9.0;34.0;-25.0;6.0;5.0;samoa;Japan;24/09/2019;;67.23292050138974
730;fiji;lost;27.0;30.0;-3.0;12.0;24.0;uruguay;Japan;25/09/2019;;66.18822729145162
731;italy;won;48.0;7.0;41.0;17.0;0.0;canada;Japan;26/09/2019;;56.72346113052403
732;england;won;45.0;7.0;38.0;19.0;0.0;united states of america;Japan;26/09/2019;;72.49383972173626
733;argentina;won;28.0;12.0;16.0;28.0;7.0;tonga;Japan;28/09/2019;;
734;japan;won;19.0;12.0;7.0;9.0;12.0;ireland;Japan;28/09/2019;;
735;south africa;won;57.0;3.0;54.0;31.0;3.0;namibia;Japan;28/09/2019;;
736;georgia;won;33.0;7.0;26.0;12.0;7.0;uruguay;Japan;29/09/2019;;
737;australia;lost;25.0;29.0;-4.0;8.0;23.0;wales;Japan;29/09/2019;;
738;scotland;won;34.0;0.0;34.0;20.0;0.0;samoa;Japan;30/09/2019;;
739;france;won;33.0;9.0;24.0;12.0;6.0;united states of america;Japan;02/10/2019;;
740;new zealand;won;63.0;0.0;63.0;28.0;0.0;canada;Japan;02/10/2019;;
741;georgia;;;;;;;fiji;Japan;03/10/2019;;
742;ireland;;;;;;;russia;Japan;03/10/2019;;
743;south africa;;;;;;;italy;Japan;04/10/2019;;
744;australia;;;;;;;uruguay;Japan;05/10/2019;;
745;england;;;;;;;argentina;Japan;05/10/2019;;
746;japan;;;;;;;samoa;Japan;05/10/2019;;
747;new zealand;;;;;;;namibia;Japan;06/10/2019;;
748;france;;;;;;;tonga;Japan;06/10/2019;;
749;south africa;;;;;;;canada;Japan;08/10/2019;;
750;argentina;;;;;;;united states of america;Japan;09/10/2019;;
751;scotland;;;;;;;russia;Japan;09/10/2019;;
752;wales;;;;;;;fiji;Japan;09/10/2019;;
753;australia;;;;;;;georgia;Japan;11/10/2019;;
754;new zealand;;;;;;;italy;Japan;12/10/2019;;
755;england;;;;;;;france;Japan;12/10/2019;;
756;ireland;;;;;;;samoa;Japan;12/10/2019;;
757;namibia;;;;;;;canada;Japan;13/10/2019;;
758;united states of america;;;;;;;tonga;Japan;13/10/2019;;
759;wales;;;;;;;uruguay;Japan;13/10/2019;;
760;japan;;;;;;;scotland;Japan;13/10/2019;;
